dimension,feature,correlation
PCoA_Dim1,Suspenseful atmosphere,0.8065814503703831
PCoA_Dim1,Somber atmosphere,0.7656967266662544
PCoA_Dim1,Psychological Suspense,0.7359184758443753
PCoA_Dim1,Heightened Tension,0.7342161270199686
PCoA_Dim1,Dismal and unsettling tone,0.7231900071404884
PCoA_Dim1,Ominous and Chilling,0.713003027787749
PCoA_Dim1,Unsettling,0.7029998420814773
PCoA_Dim1,Happy Ending,-0.6803611169872662
PCoA_Dim1,"Positive, Uplifting Emotional Tone",-0.675238004100211
PCoA_Dim1,Melancholy Atmosphere,0.6636762904629597
PCoA_Dim1,Hostile Gloom,0.6566837108518965
PCoA_Dim1,Feel-Good Narrative,-0.6523711515264174
PCoA_Dim1,Positive Emotional Tone,-0.6502451714821756
PCoA_Dim1,Heartfelt and Hopeful,-0.6159937285084593
PCoA_Dim1,Psychological Crime,0.6067618616222912
PCoA_Dim1,Joyful Emotional Expression,-0.6053647830853115
PCoA_Dim1,Somber and Eerie Tone,0.6017134329417669
PCoA_Dim1,Psychological Distress,0.5980721334852206
PCoA_Dim1,Violent Crimes,0.5976459532144122
PCoA_Dim1,Sad Ending,0.5661436074414326
PCoA_Dim1,Profound & Reflective,0.5599327957867621
PCoA_Dim1,All-ages,-0.557740250064006
PCoA_Dim1,Explicit Violence and Goriness,0.5564047786487122
PCoA_Dim1,Charming protagonist,-0.5517428909771592
PCoA_Dim1,Situational Humor,-0.5466708796361083
PCoA_Dim1,Uneasy Characters,0.5459670770223088
PCoA_Dim1,Emotionally Withdrawn Protagonist,0.5412007299656334
PCoA_Dim1,Positive and Sentimental,-0.5345723197711107
PCoA_Dim1,Built Around Humor,-0.5266864633251643
PCoA_Dim1,Psychological Manipulation,0.5199546729924198
PCoA_Dim1,Comedic Protagonist,-0.5192474895105055
PCoA_Dim1,A Focus on Mood,0.5187215925045895
PCoA_Dim1,Intellectually Stimulating,0.515689699478544
PCoA_Dim1,Intended Fright Response,0.5114705559186804
PCoA_Dim1,A Crime Thriller,0.5053046108737765
PCoA_Dim1,Unexpected Conclusion,0.5045887680184848
PCoA_Dim1,Deceptive Appearances,0.4949538258242414
PCoA_Dim1,Psychologically Unstable Protagonist,0.4915866184930011
PCoA_Dim1,Polished and cohesive script,-0.487506982036963
PCoA_Dim1,Psychological Horror,0.4720283287563541
PCoA_Dim1,Eerie Score,0.4664955070255924
PCoA_Dim1,The Unraveling of Trust,0.4654729998523799
PCoA_Dim1,A Sense of Repulsiveness,0.4541943922489431
PCoA_Dim1,Spirit-Stirring,-0.4541089306681247
PCoA_Dim1,Plot Twists!,0.4440155972502461
PCoA_Dim1,Moral Conflict,0.4404776527811785
PCoA_Dim1,A Tidy Ending,-0.4370277081553368
PCoA_Dim1,Tender and heartwarming score,-0.4364137944278111
PCoA_Dim1,Use of Shock Elements,0.4347084223522183
PCoA_Dim1,Reveral of Fortune,0.4286788599916179
PCoA_Dim1,The Struggle for Survival,0.4263940627100882
PCoA_Dim1,Moral Exploration,0.4247713230872151
PCoA_Dim1,A Wholesome Comedy,-0.4237746150571814
PCoA_Dim1,A Romantic Dramedy,-0.4221490325649347
PCoA_Dim1,Act of treachery,0.4131611379764351
PCoA_Dim1,Direction-Driven,0.4112785244200063
PCoA_Dim1,A Buddy Comedy,-0.410011038689847
PCoA_Dim1,A Relentless Chase,0.409523957501392
PCoA_Dim1,A Adventure Comedy,-0.4091176047762013
PCoA_Dim1,A Feeling of Surprise,0.3927614488920501
PCoA_Dim1,Plot-Centric,0.3916656576610831
PCoA_Dim1,Nonsensical Comedy,-0.3808679405660288
PCoA_Dim1,Courtship,-0.3770600951637277
PCoA_Dim1,Visceral Cinematography,0.375208054355594
PCoA_Dim1,Advanced Cinematography and Edit Work,0.3648725481996442
PCoA_Dim1,A quest for retribution,0.3614455356295399
PCoA_Dim1,Stories of Imprisonment,0.3610067845966225
PCoA_Dim1,A Mainstream Feature,-0.3523478224758447
PCoA_Dim1,Budding romance,-0.3521546824879907
PCoA_Dim1,Confronting One's Shadow,0.3495943001975083
PCoA_Dim1,Will-They-Won't-They Relationship,-0.3487658210289753
PCoA_Dim1,"Raw, Unfiltered Dialog",0.3472976131112509
PCoA_Dim1,Societal Decline,0.3451533088631593
PCoA_Dim1,Masterful acting,0.3408345382571727
PCoA_Dim1,Deliberate Visual Authorship,0.3364620004523442
PCoA_Dim1,The Hero Dies in This One,0.3331939696929432
PCoA_Dim1,Talking Animals,-0.3298274844544556
PCoA_Dim1,Risky Gambit,0.3282330425496803
PCoA_Dim1,Criminal Underbelly,0.3237831782939759
PCoA_Dim1,A Comic Fantasy,-0.3231330363177378
PCoA_Dim1,A Focus on the Issues,0.3201952524668329
PCoA_Dim1,Signature directorial style,0.3161219300813062
PCoA_Dim1,A Detective Story,0.315395600681987
PCoA_Dim1,Psychological challenges,0.31440095853276
PCoA_Dim1,A Police Thriller,0.3076601204242977
PCoA_Dim1,A Whodunnit,0.3062743352218565
PCoA_Dim1,A Lead Worth Cheering For,-0.2941216750408192
PCoA_Dim1,Predominant Sound Effects,0.2904892607968581
PCoA_Dim1,A Stock Story,-0.289717762049278
PCoA_Dim1,Heavy Gunplay,0.2886418308157475
PCoA_Dim1,Picture of Idealic Family Life,-0.2877392577533744
PCoA_Dim1,Young Adventurers,-0.277447051417559
PCoA_Dim1,Heavy Impact of the Soundtrack,-0.2754609960315118
PCoA_Dim1,Profound Amazement,-0.269514447849289
PCoA_Dim1,Pursuit of Justice,0.268265720937253
PCoA_Dim1,Repeated Setbacks,0.2585111486557539
PCoA_Dim1,A Romantic Drama,-0.2573863641215199
PCoA_Dim1,Narrative Driven by the Context,0.2486721680862787
PCoA_Dim1,Philosophical or Intellectual Exploration,0.2418515321842676
PCoA_Dim1,The Villian's Story,0.2389415070487103
PCoA_Dim1,Grappling with Mortality,0.2384754769623425
PCoA_Dim1,A Tale of Mourning,0.2361948847425052
PCoA_Dim1,Use of Animated CGI,-0.2326785687051988
PCoA_Dim1,Good-Versus-Evil Conflict,0.228161477266845
PCoA_Dim1,Genius Protagonist,0.2270809328363501
PCoA_Dim1,Coming of Age,-0.2256307518837237
PCoA_Dim1,Moral Temptation,0.2253453608526363
PCoA_Dim1,The Great Chase,0.2227430104875741
PCoA_Dim1,A Heterosexual Relationship,-0.2226152543560336
PCoA_Dim1,Melee Combat,0.2220815141116217
PCoA_Dim1,Childhood Narrative,-0.2189616542528959
PCoA_Dim1,Dystopian,0.210909006727538
PCoA_Dim1,Political narrative,0.2083740094231072
PCoA_Dim1,Use of non-linear flashbacks,0.2039412088691348
PCoA_Dim1,A Law Enforcement Tale,0.2012700598906898
PCoA_Dim1,Avarice,0.1981458916780893
PCoA_Dim1,Predominant Set Design,0.1911721249904512
PCoA_Dim1,Childhood Bonds,-0.1905831720757297
PCoA_Dim1,Unconventional directorial approach,0.1890953733678502
PCoA_Dim1,Visually Beautiful / Immersive,-0.1883325678286306
PCoA_Dim1,Live Performance Arts,-0.1858394226557656
PCoA_Dim1,Transformative Make-up,0.1852983155929178
PCoA_Dim1,Natural splendor,-0.1844566320840002
PCoA_Dim1,Perilous Liaison,0.1837359453393083
PCoA_Dim1,Flawed Protagonist,0.182888306176283
PCoA_Dim1,A Science Thriller,0.1809060944496349
PCoA_Dim1,Putting Others Above Oneself,0.1792096073061965
PCoA_Dim1,Friends Against the Odds,-0.1742972867240095
PCoA_Dim1,A Formidable Challenge,0.1711538746016069
PCoA_Dim1,Real-world satire,-0.1689876811089881
PCoA_Dim1,A fantastical realm,-0.1685204610178969
PCoA_Dim1,Family Struggles,0.1663794908751927
PCoA_Dim1,Losing One's Love,0.1650946097148158
PCoA_Dim1,A Futuristic Thriller,0.1650441239475885
PCoA_Dim1,Focus on Culture,0.1631292100296121
PCoA_Dim1,"Dangerous, Risky Behaviors",0.1620262141958754
PCoA_Dim1,Disadvantaged Social Class,0.161825803574975
PCoA_Dim1,A Dominant Leader,0.1571987887786902
PCoA_Dim1,High-end effects,0.1539016364538105
PCoA_Dim1,Narrative Originality,0.1526350797222082
PCoA_Dim1,Enchanted Creatures and Spells,-0.1507722530200739
PCoA_Dim1,Female Friends and Bonding,-0.1502826252189114
PCoA_Dim1,A Lead with Expertise,0.1493421019782714
PCoA_Dim1,Elegant Dialog and Screenplay,0.1488671316224714
PCoA_Dim1,Intricate Stunts,0.1485508183398453
PCoA_Dim1,About a Family,-0.1475630542168908
PCoA_Dim1,A Sports Setting,-0.1454568851926189
PCoA_Dim1,Dark or Caustic Wit,0.1441749800610872
PCoA_Dim1,Family Restoration,-0.1435629582578632
PCoA_Dim1,Formative hardships,-0.1408700651577542
PCoA_Dim1,Eccentric Acting,0.1381944210232933
PCoA_Dim1,The Fine Arts,-0.1377519880626446
PCoA_Dim1,Dry Humor Dialogue,-0.1370258434110349
PCoA_Dim1,A Tale of Wartime,0.1346050740069591
PCoA_Dim1,an early life drama,-0.1331178223819773
PCoA_Dim1,Coming-of-Age Tale,-0.1329683723176088
PCoA_Dim1,Dialog-Driven,0.1288267738617986
PCoA_Dim1,Relatable Protagonist,-0.1284120673487178
PCoA_Dim1,History-in-the-making,0.1274021998428256
PCoA_Dim1,Innocent protagonist,-0.1238798888897382
PCoA_Dim1,High Medieval Fantasy,-0.123533746514593
PCoA_Dim1,Music-Rich,-0.1221418902366328
PCoA_Dim1,Cloak-and-Dagger ,0.1174997185912932
PCoA_Dim1,An Artist's Story,-0.1160314004889653
PCoA_Dim1,The Entertainment Industry,-0.1151818194855317
PCoA_Dim1,Supernatural Phenomena,0.1072063811324388
PCoA_Dim1,A Spy Thriller,0.1070721697300291
PCoA_Dim1,"Hardship, Loss, and Healing",0.0977859050783665
PCoA_Dim1,Ghosts,0.0960867905052729
PCoA_Dim1,Brave Protagonist,0.0939042084589718
PCoA_Dim1,A Tale of Science,0.0930278836167099
PCoA_Dim1,Family-devoted Protagonist,-0.090292320846138
PCoA_Dim1,Self Discovery,-0.0894668735360354
PCoA_Dim1,Religious themes,0.0867281334295559
PCoA_Dim1,Historical References,0.0860334209400539
PCoA_Dim1,Set in the Future,0.0850083657271452
PCoA_Dim1,Classic Fall-Rise Plot Arc,-0.0821960419138585
PCoA_Dim1,Rivalry,0.0787576870232285
PCoA_Dim1,A Family Drama,-0.0786966595592014
PCoA_Dim1,Changing Life Direction,-0.0786588872966484
PCoA_Dim1,Romantic Triangle,-0.0769263742162711
PCoA_Dim1,The Hero's Journey,-0.0768507842700368
PCoA_Dim1,The Superhero Prevails,-0.0763187787926251
PCoA_Dim1,Going after the MacGuffin,-0.0736999852423885
PCoA_Dim1,Parent-Child Narrative,-0.0712095789809546
PCoA_Dim1,Set in America,-0.0710871895367483
PCoA_Dim1,Rich Visual Cinematography,-0.0709649667447621
PCoA_Dim1,Male Friends and Bonding,-0.0703020792889425
PCoA_Dim1,Female-centric narrative,-0.0681851587076811
PCoA_Dim1,A Friendship Drama,-0.0672669831882149
PCoA_Dim1,Set in Europe,0.0667711395080132
PCoA_Dim1,Energetic Emotional Tone,-0.0644707298447204
PCoA_Dim1,Use of Heavy Technology,0.0638216380100523
PCoA_Dim1,A village story,-0.0637922968426225
PCoA_Dim1,Sophisticated Visual Effects Integration,0.0631435307232093
PCoA_Dim1,Rural Story,0.0624088900104378
PCoA_Dim1,A Tech-Centric Narrative,0.0618174170654306
PCoA_Dim1,Neighborhood story,-0.0598951979729919
PCoA_Dim1,The Post-War Era,0.0580852215140025
PCoA_Dim1,Set in India,-0.0570872790956508
PCoA_Dim1,A Poignant Mood,-0.0543852464255519
PCoA_Dim1,A Father's Arc,-0.0541105756166906
PCoA_Dim1,A Black & White,0.0540870588001766
PCoA_Dim1,The Underdog Wins,-0.0498304323855102
PCoA_Dim1,Relationship Turmoil,0.0483844344340659
PCoA_Dim1,Metropolitan story,0.0465056779102373
PCoA_Dim1,A Group Quest,-0.0464758247104071
PCoA_Dim1,A Late 20th and Early 21st Century Narrative,-0.0440323776593309
PCoA_Dim1,The Aristocrats,-0.0432805842234879
PCoA_Dim1,Threatening Wildlife,-0.0429419224603053
PCoA_Dim1,Music-led Storytelling,0.0406297151048169
PCoA_Dim1,A Black Character-Driven Story,0.0376318111422284
PCoA_Dim1,Set in NYC,-0.0359971149515192
PCoA_Dim1,Affluent Social Class,0.0352376897223418
PCoA_Dim1,Set in Asia,0.0342995497992797
PCoA_Dim1,Biographical narrative of a historical personality,0.0334487802433955
PCoA_Dim1,Story With a Focus on Gender,0.0329625056095574
PCoA_Dim1,A Focus on Feminism,-0.0317441702838023
PCoA_Dim1,Extraterrestrial Life,-0.0299122705911215
PCoA_Dim1,A Life Story,0.0291113074226301
PCoA_Dim1,Brothers or Sisters,-0.028717867237435
PCoA_Dim1,Set is East Asia,0.0270647022069474
PCoA_Dim1,A post-2015 narrative,-0.026080287903255
PCoA_Dim1,Set in the UK,0.026080165299196
PCoA_Dim1,Set in California,-0.0253641119838822
PCoA_Dim1,Set in France,0.0241590270887943
PCoA_Dim1,Set in Japan,0.0225946326072918
PCoA_Dim1,Biopic,0.022415529712031
PCoA_Dim1,Active Narrator Voiceover,0.0211150526887934
PCoA_Dim1,Island Setting,-0.0211099728166467
PCoA_Dim1,Averting the Catastrophe,-0.0209481533656673
PCoA_Dim1,The Pre-Modern Era,-0.0203947581343731
PCoA_Dim1,Fast-paced,0.0198101710487072
PCoA_Dim1,Focus on Asian Culture,0.0186549864568692
PCoA_Dim1,Set in the American South,0.0169201226140111
PCoA_Dim1,Forest Setting,0.0143372408290714
PCoA_Dim1,Intricate Costuming,-0.0128627134598529
PCoA_Dim1,Moral Redemption,-0.0102166493237128
PCoA_Dim1,Mid-20th Century Narrative ,0.0094159054726846
PCoA_Dim1,Character-Driven,0.0091573602011984
PCoA_Dim1,A Sci-Fi Adventure,0.0064293976856828
PCoA_Dim1,An Asian-Driven Story,-0.0040432450968359
PCoA_Dim1,Alternative Reality,0.0039556696441157
PCoA_Dim1,Set in Los Angeles,-0.0035486717425155
PCoA_Dim1,A Mother's Arc,0.002724051730862
PCoA_Dim1,To the Rescue,0.0014973314892181
PCoA_Dim1,Conquering Adversity,-0.0014478447082725
PCoA_Dim10,Set in Europe,0.3136821535604658
PCoA_Dim10,"Raw, Unfiltered Dialog",-0.313603573387324
PCoA_Dim10,A Whodunnit,0.310164002396778
PCoA_Dim10,Courtship,-0.2917347612175746
PCoA_Dim10,A Heterosexual Relationship,-0.2864717387300448
PCoA_Dim10,Explicit Violence and Goriness,-0.2841181900574084
PCoA_Dim10,Budding romance,-0.2800210298320276
PCoA_Dim10,Will-They-Won't-They Relationship,-0.2744281461283301
PCoA_Dim10,Melee Combat,-0.2726171374258943
PCoA_Dim10,A Romantic Dramedy,-0.2693132896037372
PCoA_Dim10,Set in America,-0.268816089753834
PCoA_Dim10,A Romantic Drama,-0.2620817505269819
PCoA_Dim10,A Late 20th and Early 21st Century Narrative,-0.2605223944639402
PCoA_Dim10,Genius Protagonist,0.2590940906280951
PCoA_Dim10,Deceptive Appearances,0.2585022187589381
PCoA_Dim10,Flawed Protagonist,-0.2391837056163656
PCoA_Dim10,A Detective Story,0.2331065486118984
PCoA_Dim10,Plot Twists!,0.2282683597295338
PCoA_Dim10,A quest for retribution,-0.22079386062163
PCoA_Dim10,Young Adventurers,0.2167901155657499
PCoA_Dim10,A Sense of Repulsiveness,-0.2145326096875411
PCoA_Dim10,Going after the MacGuffin,0.2138017303712405
PCoA_Dim10,Reveral of Fortune,0.2105635112769137
PCoA_Dim10,Transformative Make-up,-0.2051300786676191
PCoA_Dim10,Philosophical or Intellectual Exploration,0.2027816501291534
PCoA_Dim10,Heavy Impact of the Soundtrack,-0.1995909319377623
PCoA_Dim10,Set in the UK,0.1993595094446347
PCoA_Dim10,Hostile Gloom,-0.1989083420540748
PCoA_Dim10,A Feeling of Surprise,0.1895482160655191
PCoA_Dim10,A Spy Thriller,0.1841339931927133
PCoA_Dim10,A Lead with Expertise,0.1840226512555519
PCoA_Dim10,Fast-paced,-0.1840195655911974
PCoA_Dim10,Intricate Stunts,-0.1808405650319329
PCoA_Dim10,Cloak-and-Dagger ,0.1788068478997798
PCoA_Dim10,Heavy Gunplay,-0.1757340873267763
PCoA_Dim10,Eccentric Acting,-0.175514552927827
PCoA_Dim10,an early life drama,0.1752932629857939
PCoA_Dim10,High-end effects,-0.1694633704518311
PCoA_Dim10,Childhood Narrative,0.1692772884527091
PCoA_Dim10,All-ages,0.1655289365890746
PCoA_Dim10,Confronting One's Shadow,-0.1652748701226749
PCoA_Dim10,Intellectually Stimulating,0.163808301405249
PCoA_Dim10,Dark or Caustic Wit,-0.1611130646135266
PCoA_Dim10,Built Around Humor,-0.1607672067520498
PCoA_Dim10,Real-world satire,-0.1575666441633656
PCoA_Dim10,History-in-the-making,0.157180715941552
PCoA_Dim10,Romantic Triangle,-0.1568648629875599
PCoA_Dim10,Unexpected Conclusion,0.1562546288324283
PCoA_Dim10,Male Friends and Bonding,-0.1558365458571188
PCoA_Dim10,Historical References,0.1551187068254137
PCoA_Dim10,Biopic,0.1528423483182568
PCoA_Dim10,Biographical narrative of a historical personality,0.1522550194701095
PCoA_Dim10,A Tech-Centric Narrative,0.1511282250427947
PCoA_Dim10,Moral Redemption,-0.1507082197166898
PCoA_Dim10,Relationship Turmoil,-0.1505421928143478
PCoA_Dim10,Set in France,0.1496601579808913
PCoA_Dim10,Supernatural Phenomena,-0.1479998110151911
PCoA_Dim10,Plot-Centric,0.147294287887191
PCoA_Dim10,Set in California,-0.1457500065576555
PCoA_Dim10,Set in Los Angeles,-0.1443094977413579
PCoA_Dim10,Formative hardships,0.1430384240566689
PCoA_Dim10,Political narrative,0.1426624141632683
PCoA_Dim10,Rivalry,-0.1423031423947371
PCoA_Dim10,Psychological Suspense,0.1422703012407585
PCoA_Dim10,Mid-20th Century Narrative ,0.1416382213140661
PCoA_Dim10,Comedic Protagonist,-0.1416126960424123
PCoA_Dim10,Set in NYC,-0.1415522914007446
PCoA_Dim10,Situational Humor,-0.141466689307223
PCoA_Dim10,The Great Chase,0.1378810001286596
PCoA_Dim10,The Hero Dies in This One,-0.1350803652322388
PCoA_Dim10,A Tale of Science,0.1349867018871469
PCoA_Dim10,Use of Shock Elements,0.1335186432873763
PCoA_Dim10,Unconventional directorial approach,-0.1332593878972954
PCoA_Dim10,Losing One's Love,-0.1331620008295766
PCoA_Dim10,Use of Heavy Technology,0.1327467317826899
PCoA_Dim10,A Crime Thriller,0.1326244707798425
PCoA_Dim10,A Black & White,0.1320278001159226
PCoA_Dim10,A Stock Story,-0.1293438667176925
PCoA_Dim10,Profound & Reflective,0.1251882499716909
PCoA_Dim10,Moral Temptation,-0.1250525542841729
PCoA_Dim10,Psychological Crime,0.122949695859628
PCoA_Dim10,The Post-War Era,0.1211255548803258
PCoA_Dim10,Psychologically Unstable Protagonist,-0.1208160261443955
PCoA_Dim10,Dismal and unsettling tone,-0.1207441938393209
PCoA_Dim10,Energetic Emotional Tone,-0.1196858977969172
PCoA_Dim10,Changing Life Direction,-0.1193121764226432
PCoA_Dim10,Use of Animated CGI,0.1174439129544347
PCoA_Dim10,Elegant Dialog and Screenplay,0.1172297736070507
PCoA_Dim10,Heightened Tension,0.1169435158350053
PCoA_Dim10,Self Discovery,-0.1168398542515385
PCoA_Dim10,A Police Thriller,0.116012428094991
PCoA_Dim10,Enchanted Creatures and Spells,-0.1113500404146624
PCoA_Dim10,Disadvantaged Social Class,-0.1111914391692293
PCoA_Dim10,Picture of Idealic Family Life,0.1110954945685619
PCoA_Dim10,Talking Animals,0.110841789223651
PCoA_Dim10,Intricate Costuming,-0.1088460578317548
PCoA_Dim10,Natural splendor,0.107784176828073
PCoA_Dim10,Metropolitan story,-0.1058260389252169
PCoA_Dim10,Psychological Manipulation,0.104542515496331
PCoA_Dim10,Nonsensical Comedy,-0.1036354892741423
PCoA_Dim10,Focus on Asian Culture,-0.1032751167038395
PCoA_Dim10,The Villian's Story,-0.1030750116638458
PCoA_Dim10,Emotionally Withdrawn Protagonist,-0.1004709558167082
PCoA_Dim10,Sad Ending,-0.1004138982687296
PCoA_Dim10,A Friendship Drama,-0.0999061634822899
PCoA_Dim10,Sophisticated Visual Effects Integration,-0.0986513723029652
PCoA_Dim10,Unsettling,-0.0981902379331244
PCoA_Dim10,A Wholesome Comedy,0.0978804264287985
PCoA_Dim10,Predominant Sound Effects,-0.09736961954822
PCoA_Dim10,A Tale of Mourning,-0.096766945979302
PCoA_Dim10,Spirit-Stirring,0.094296987861905
PCoA_Dim10,A Black Character-Driven Story,-0.0932501716015069
PCoA_Dim10,Classic Fall-Rise Plot Arc,-0.0932336469883986
PCoA_Dim10,Visually Beautiful / Immersive,0.0922261289117554
PCoA_Dim10,Melancholy Atmosphere,-0.0915699067556406
PCoA_Dim10,An Asian-Driven Story,-0.0903434577292208
PCoA_Dim10,A Science Thriller,0.0896517830687278
PCoA_Dim10,Good-Versus-Evil Conflict,-0.0889673647722699
PCoA_Dim10,A Formidable Challenge,0.088941057582402
PCoA_Dim10,A Focus on the Issues,0.0878446616562602
PCoA_Dim10,High Medieval Fantasy,-0.086712788847308
PCoA_Dim10,Profound Amazement,0.0856336380117659
PCoA_Dim10,Dry Humor Dialogue,-0.085326207867644
PCoA_Dim10,"Dangerous, Risky Behaviors",-0.0820310371096009
PCoA_Dim10,Rich Visual Cinematography,0.0818730606410501
PCoA_Dim10,Suspenseful atmosphere,0.0810747137674188
PCoA_Dim10,Grappling with Mortality,-0.077153675199606
PCoA_Dim10,"Hardship, Loss, and Healing",-0.0744790366027617
PCoA_Dim10,Pursuit of Justice,0.0740091430390001
PCoA_Dim10,Set is East Asia,-0.0734219950535357
PCoA_Dim10,Violent Crimes,-0.0732758852350421
PCoA_Dim10,Eerie Score,-0.0712461245449366
PCoA_Dim10,Societal Decline,-0.0704535602458644
PCoA_Dim10,Ghosts,-0.070315910594704
PCoA_Dim10,Narrative Driven by the Context,0.0691136862051377
PCoA_Dim10,Female-centric narrative,-0.0659477746454874
PCoA_Dim10,Focus on Culture,-0.0651943729506968
PCoA_Dim10,Family Struggles,-0.0638867391013433
PCoA_Dim10,Criminal Underbelly,-0.0635513627780033
PCoA_Dim10,A Futuristic Thriller,0.063485103703851
PCoA_Dim10,A Mainstream Feature,-0.0632318394218564
PCoA_Dim10,A fantastical realm,-0.0632021477842421
PCoA_Dim10,Neighborhood story,-0.0629525431934311
PCoA_Dim10,The Superhero Prevails,-0.0624218495902011
PCoA_Dim10,Psychological Horror,-0.0620392619527549
PCoA_Dim10,A Sci-Fi Adventure,0.061995135077626
PCoA_Dim10,Set in the American South,-0.0591286655192366
PCoA_Dim10,Perilous Liaison,-0.0589542927570777
PCoA_Dim10,Somber atmosphere,-0.0579361611381658
PCoA_Dim10,Family-devoted Protagonist,-0.0574472172248124
PCoA_Dim10,Putting Others Above Oneself,-0.0571585905990956
PCoA_Dim10,A Family Drama,0.0570964453014258
PCoA_Dim10,Set in Asia,-0.0563367540973016
PCoA_Dim10,A post-2015 narrative,0.0563133487442165
PCoA_Dim10,Alternative Reality,-0.0559211464871574
PCoA_Dim10,Signature directorial style,-0.0555144711368906
PCoA_Dim10,Coming of Age,0.0548493017678642
PCoA_Dim10,The Entertainment Industry,-0.0534241539419606
PCoA_Dim10,The Struggle for Survival,-0.0532770570284414
PCoA_Dim10,A Sports Setting,-0.0522760274781109
PCoA_Dim10,A Father's Arc,-0.0516963460915736
PCoA_Dim10,Use of non-linear flashbacks,0.0507830822072495
PCoA_Dim10,Female Friends and Bonding,-0.0479695344213726
PCoA_Dim10,Averting the Catastrophe,0.0466603197335913
PCoA_Dim10,Avarice,-0.0464220354165221
PCoA_Dim10,Narrative Originality,0.0458466529749702
PCoA_Dim10,Risky Gambit,0.0455049885884225
PCoA_Dim10,Brothers or Sisters,-0.0451088233709939
PCoA_Dim10,Repeated Setbacks,-0.0446160912826793
PCoA_Dim10,Set in Japan,-0.0439946984987109
PCoA_Dim10,Psychological Distress,-0.0437706348593038
PCoA_Dim10,Somber and Eerie Tone,-0.0437013723821727
PCoA_Dim10,About a Family,0.0406455861044089
PCoA_Dim10,Island Setting,0.0395701792207492
PCoA_Dim10,Live Performance Arts,-0.0391200808815483
PCoA_Dim10,Music-Rich,-0.0383443200261866
PCoA_Dim10,Religious themes,-0.038072916538736
PCoA_Dim10,A Law Enforcement Tale,0.0374766535722437
PCoA_Dim10,Relatable Protagonist,-0.0364108473149103
PCoA_Dim10,Positive and Sentimental,0.0349935301782125
PCoA_Dim10,A Dominant Leader,-0.0343487956448068
PCoA_Dim10,The Aristocrats,-0.034003887367802
PCoA_Dim10,Innocent protagonist,-0.0335049951080079
PCoA_Dim10,Dialog-Driven,0.0333582785436923
PCoA_Dim10,Set in the Future,0.0333578764859457
PCoA_Dim10,Heartfelt and Hopeful,0.0332245329865817
PCoA_Dim10,Character-Driven,-0.0327470193077696
PCoA_Dim10,Rural Story,0.0325863628918161
PCoA_Dim10,Story With a Focus on Gender,-0.0324504094764248
PCoA_Dim10,Friends Against the Odds,-0.0319776263064156
PCoA_Dim10,Deliberate Visual Authorship,0.0317382931884998
PCoA_Dim10,To the Rescue,0.0311371699051339
PCoA_Dim10,A Buddy Comedy,-0.0304613356615612
PCoA_Dim10,Psychological challenges,-0.0295019093729224
PCoA_Dim10,A Poignant Mood,-0.0293224775018585
PCoA_Dim10,Dystopian,-0.0284150762512142
PCoA_Dim10,A Group Quest,0.0270457408742664
PCoA_Dim10,Family Restoration,-0.0262093833318049
PCoA_Dim10,Act of treachery,-0.0260875377141226
PCoA_Dim10,Intended Fright Response,-0.0252405576982079
PCoA_Dim10,A Comic Fantasy,-0.0245599116463731
PCoA_Dim10,The Hero's Journey,0.0244464277960143
PCoA_Dim10,Advanced Cinematography and Edit Work,0.0237570398466478
PCoA_Dim10,A Tale of Wartime,0.0218534701024475
PCoA_Dim10,Visceral Cinematography,-0.0213991149986001
PCoA_Dim10,Ominous and Chilling,-0.0212891633062811
PCoA_Dim10,The Pre-Modern Era,-0.0203844525199905
PCoA_Dim10,The Unraveling of Trust,-0.0193403182357664
PCoA_Dim10,A Focus on Mood,-0.0190899010576575
PCoA_Dim10,Affluent Social Class,0.0189545359671967
PCoA_Dim10,Moral Exploration,0.0188207250395008
PCoA_Dim10,Childhood Bonds,0.0181306921908355
PCoA_Dim10,Brave Protagonist,0.0180166675204948
PCoA_Dim10,Feel-Good Narrative,0.0174066375677438
PCoA_Dim10,Music-led Storytelling,-0.0168407124382777
PCoA_Dim10,"Positive, Uplifting Emotional Tone",0.0166327750292998
PCoA_Dim10,A Lead Worth Cheering For,0.0159669716592126
PCoA_Dim10,Predominant Set Design,0.0156996017579758
PCoA_Dim10,Uneasy Characters,-0.0155039108042878
PCoA_Dim10,Joyful Emotional Expression,0.0153166904967099
PCoA_Dim10,Stories of Imprisonment,0.0143329178833788
PCoA_Dim10,Happy Ending,-0.0141999970947701
PCoA_Dim10,A Life Story,0.0129582366574328
PCoA_Dim10,A village story,-0.0122727095002693
PCoA_Dim10,Polished and cohesive script,-0.0114232290615153
PCoA_Dim10,Threatening Wildlife,-0.010931388403121
PCoA_Dim10,Tender and heartwarming score,0.0105047814206299
PCoA_Dim10,A Adventure Comedy,0.0100863175831729
PCoA_Dim10,Direction-Driven,-0.010043616369525
PCoA_Dim10,Forest Setting,-0.0080609671188734
PCoA_Dim10,Parent-Child Narrative,-0.0079782336306266
PCoA_Dim10,Coming-of-Age Tale,0.0073000250471347
PCoA_Dim10,A Relentless Chase,-0.0072682643837766
PCoA_Dim10,The Underdog Wins,-0.0071175459998076
PCoA_Dim10,Positive Emotional Tone,-0.0065462291942375
PCoA_Dim10,The Fine Arts,-0.0065436931763192
PCoA_Dim10,A Focus on Feminism,0.0061205273942086
PCoA_Dim10,Conquering Adversity,-0.0048568199160141
PCoA_Dim10,Active Narrator Voiceover,-0.0043120305885488
PCoA_Dim10,Moral Conflict,0.0029079499209151
PCoA_Dim10,Extraterrestrial Life,0.0028871218748403
PCoA_Dim10,An Artist's Story,0.0026561957905501
PCoA_Dim10,A Tidy Ending,0.0020306430751096
PCoA_Dim10,Charming protagonist,-0.0009306042906196
PCoA_Dim10,A Mother's Arc,-0.0006180592153936
PCoA_Dim10,Masterful acting,0.0006128312681715
PCoA_Dim10,Set in India,-0.0004695526572879
PCoA_Dim11,The Unraveling of Trust,0.2848904428600038
PCoA_Dim11,High Medieval Fantasy,0.2821815858950376
PCoA_Dim11,Set in Europe,0.2762235578118373
PCoA_Dim11,Moral Temptation,0.2756609186205603
PCoA_Dim11,Predominant Sound Effects,-0.272960231817934
PCoA_Dim11,Music-led Storytelling,-0.2728836576957199
PCoA_Dim11,A fantastical realm,0.2673678060784672
PCoA_Dim11,Act of treachery,0.2641350526254344
PCoA_Dim11,Intended Fright Response,-0.2563373482307887
PCoA_Dim11,A Lead Worth Cheering For,-0.2497864277878465
PCoA_Dim11,The Aristocrats,0.2479774382553889
PCoA_Dim11,A Focus on Mood,-0.2472774251828152
PCoA_Dim11,Positive and Sentimental,-0.2437495230491577
PCoA_Dim11,Set in Asia,-0.240707428718673
PCoA_Dim11,Enchanted Creatures and Spells,0.236595950508631
PCoA_Dim11,Tender and heartwarming score,-0.2348139206004694
PCoA_Dim11,Set is East Asia,-0.2319048684755769
PCoA_Dim11,Music-Rich,-0.2312567758011521
PCoA_Dim11,Moral Conflict,0.2305041867717705
PCoA_Dim11,Visceral Cinematography,-0.2272974132641769
PCoA_Dim11,Heartfelt and Hopeful,-0.22517318339902
PCoA_Dim11,An Asian-Driven Story,-0.2220949631496858
PCoA_Dim11,Family Struggles,0.2192633943043178
PCoA_Dim11,Moral Exploration,0.2188840251206274
PCoA_Dim11,Deliberate Visual Authorship,-0.2179499056588884
PCoA_Dim11,Focus on Asian Culture,-0.2069840467831654
PCoA_Dim11,Alternative Reality,0.2040886593437657
PCoA_Dim11,Feel-Good Narrative,-0.1993449673438667
PCoA_Dim11,Dark or Caustic Wit,0.1984677938709181
PCoA_Dim11,Eerie Score,-0.1967532149045482
PCoA_Dim11,Advanced Cinematography and Edit Work,-0.1894610922787438
PCoA_Dim11,A Formidable Challenge,-0.1872024509011754
PCoA_Dim11,Direction-Driven,-0.1863888951913802
PCoA_Dim11,Avarice,0.1834587768817788
PCoA_Dim11,Psychological Manipulation,0.1787773340761068
PCoA_Dim11,Set in the UK,0.177681733901529
PCoA_Dim11,Ominous and Chilling,-0.1739769232929479
PCoA_Dim11,Spirit-Stirring,-0.1734402437393798
PCoA_Dim11,Heightened Tension,-0.1733813289078516
PCoA_Dim11,A Comic Fantasy,0.1733671660323812
PCoA_Dim11,Charming protagonist,-0.1700303816290691
PCoA_Dim11,A Lead with Expertise,-0.1665682850707667
PCoA_Dim11,Set in America,-0.1660176370567177
PCoA_Dim11,The Pre-Modern Era,0.1587525573158529
PCoA_Dim11,Perilous Liaison,0.1582523754910092
PCoA_Dim11,A quest for retribution,0.1569401495184287
PCoA_Dim11,An Artist's Story,-0.1543594909328483
PCoA_Dim11,Set in Japan,-0.1512736145037572
PCoA_Dim11,Energetic Emotional Tone,-0.1510185220953173
PCoA_Dim11,Relatable Protagonist,-0.1501936972641687
PCoA_Dim11,A Dominant Leader,0.149819580253612
PCoA_Dim11,Real-world satire,0.1475484135703289
PCoA_Dim11,Suspenseful atmosphere,-0.14670261986204
PCoA_Dim11,The Struggle for Survival,-0.1434729973109997
PCoA_Dim11,Joyful Emotional Expression,-0.1431833078490814
PCoA_Dim11,A Mainstream Feature,-0.1427988100187065
PCoA_Dim11,"Positive, Uplifting Emotional Tone",-0.1424379781172725
PCoA_Dim11,Live Performance Arts,-0.1401748183620405
PCoA_Dim11,Heavy Impact of the Soundtrack,-0.1383230780899012
PCoA_Dim11,Positive Emotional Tone,-0.137236674255384
PCoA_Dim11,Rich Visual Cinematography,-0.1363999875055741
PCoA_Dim11,Polished and cohesive script,-0.1340994353481867
PCoA_Dim11,A Late 20th and Early 21st Century Narrative,-0.1340315784034765
PCoA_Dim11,A Tidy Ending,-0.1335368581906234
PCoA_Dim11,Affluent Social Class,0.1329213864073757
PCoA_Dim11,"Dangerous, Risky Behaviors",-0.1314372826462919
PCoA_Dim11,Grappling with Mortality,-0.1296729023209018
PCoA_Dim11,Use of Shock Elements,-0.1284212064396327
PCoA_Dim11,Nonsensical Comedy,0.1271067874675341
PCoA_Dim11,The Fine Arts,-0.1266890015123572
PCoA_Dim11,Predominant Set Design,-0.1257089376486185
PCoA_Dim11,Happy Ending,-0.124908616812209
PCoA_Dim11,The Entertainment Industry,-0.123753322576997
PCoA_Dim11,Signature directorial style,-0.1234226832004199
PCoA_Dim11,A Feeling of Surprise,-0.122962774044993
PCoA_Dim11,Disadvantaged Social Class,0.1188367519303131
PCoA_Dim11,Psychological Horror,-0.1184443395686979
PCoA_Dim11,A Poignant Mood,-0.1181359958813102
PCoA_Dim11,Somber and Eerie Tone,-0.1176530714883826
PCoA_Dim11,Political narrative,0.1165203405660638
PCoA_Dim11,Story With a Focus on Gender,0.1157329696371228
PCoA_Dim11,Talking Animals,0.1156128949754345
PCoA_Dim11,Intricate Stunts,-0.1154382971923064
PCoA_Dim11,Pursuit of Justice,0.112536270602213
PCoA_Dim11,Visually Beautiful / Immersive,-0.1121386699576202
PCoA_Dim11,Set in California,-0.1114864594014613
PCoA_Dim11,Masterful acting,-0.1095212183611675
PCoA_Dim11,Relationship Turmoil,0.1080851959155941
PCoA_Dim11,Innocent protagonist,0.107038176513119
PCoA_Dim11,Societal Decline,0.1041581117132515
PCoA_Dim11,The Great Chase,-0.1040359313819931
PCoA_Dim11,A Romantic Dramedy,-0.1025522328849106
PCoA_Dim11,Flawed Protagonist,0.1014868038852772
PCoA_Dim11,Religious themes,0.1013869187617407
PCoA_Dim11,Narrative Driven by the Context,-0.1013309095724021
PCoA_Dim11,Changing Life Direction,0.0994132309499004
PCoA_Dim11,A Sense of Repulsiveness,-0.0986818494133317
PCoA_Dim11,Will-They-Won't-They Relationship,-0.0974606673311724
PCoA_Dim11,A Adventure Comedy,0.0966821013480482
PCoA_Dim11,Metropolitan story,-0.0949211075499553
PCoA_Dim11,Set in Los Angeles,-0.0934635636474944
PCoA_Dim11,Classic Fall-Rise Plot Arc,-0.0934378811291705
PCoA_Dim11,Picture of Idealic Family Life,-0.0928595372469986
PCoA_Dim11,Confronting One's Shadow,0.0925943374422132
PCoA_Dim11,Dystopian,0.0889334506591964
PCoA_Dim11,A Stock Story,-0.0886379025061208
PCoA_Dim11,Brave Protagonist,-0.0883462494432485
PCoA_Dim11,Brothers or Sisters,0.0838652851992958
PCoA_Dim11,Supernatural Phenomena,0.0831804243856891
PCoA_Dim11,Parent-Child Narrative,0.0829994560252029
PCoA_Dim11,Emotionally Withdrawn Protagonist,0.0828647253727688
PCoA_Dim11,Fast-paced,-0.0828288371135319
PCoA_Dim11,The Villian's Story,0.081683591461172
PCoA_Dim11,Set in France,0.0811369992391261
PCoA_Dim11,A Focus on the Issues,0.0807192228720244
PCoA_Dim11,Young Adventurers,0.0799943960083631
PCoA_Dim11,Putting Others Above Oneself,-0.0791874305338036
PCoA_Dim11,Courtship,-0.078963964151155
PCoA_Dim11,Uneasy Characters,-0.0783577194047463
PCoA_Dim11,Explicit Violence and Goriness,-0.0768145137616302
PCoA_Dim11,Psychologically Unstable Protagonist,0.0766213890466747
PCoA_Dim11,Coming of Age,0.0761204482359085
PCoA_Dim11,Eccentric Acting,0.0746631109669085
PCoA_Dim11,About a Family,0.0743249653868461
PCoA_Dim11,Budding romance,-0.072865492236519
PCoA_Dim11,Mid-20th Century Narrative ,-0.0728407737680457
PCoA_Dim11,Formative hardships,0.0722040826840085
PCoA_Dim11,A Friendship Drama,-0.0707259592308495
PCoA_Dim11,High-end effects,-0.070669163818064
PCoA_Dim11,Intricate Costuming,0.0696095750493112
PCoA_Dim11,The Superhero Prevails,0.0685177279361337
PCoA_Dim11,Genius Protagonist,-0.0670913151060066
PCoA_Dim11,Stories of Imprisonment,0.0668860264859486
PCoA_Dim11,Set in the Future,0.0654555797932842
PCoA_Dim11,Character-Driven,-0.064360461220946
PCoA_Dim11,Coming-of-Age Tale,0.0642884051757836
PCoA_Dim11,Male Friends and Bonding,-0.0634767265697563
PCoA_Dim11,A Tale of Science,-0.0631487483654102
PCoA_Dim11,"Raw, Unfiltered Dialog",0.0625916712098533
PCoA_Dim11,Plot-Centric,-0.0625405221015144
PCoA_Dim11,A Sports Setting,-0.0625066970457605
PCoA_Dim11,Use of Heavy Technology,-0.0621895886301508
PCoA_Dim11,Dismal and unsettling tone,-0.0620941098849556
PCoA_Dim11,Set in NYC,-0.0618575083331574
PCoA_Dim11,Dry Humor Dialogue,0.0617780185889972
PCoA_Dim11,Family Restoration,0.0608601420445909
PCoA_Dim11,Self Discovery,0.0599648598483843
PCoA_Dim11,Set in India,-0.0593666751828353
PCoA_Dim11,A Family Drama,0.0584536710682492
PCoA_Dim11,Psychological challenges,-0.0565805664710366
PCoA_Dim11,The Underdog Wins,-0.0565287986434965
PCoA_Dim11,Philosophical or Intellectual Exploration,0.0558421988846155
PCoA_Dim11,Childhood Narrative,0.0553730698582854
PCoA_Dim11,Unsettling,-0.0532300382712522
PCoA_Dim11,Romantic Triangle,0.0525399764654109
PCoA_Dim11,Criminal Underbelly,0.052011545706661
PCoA_Dim11,A Science Thriller,-0.0518415619968561
PCoA_Dim11,Hostile Gloom,0.0517349130477068
PCoA_Dim11,A Father's Arc,0.0516687725501428
PCoA_Dim11,Forest Setting,0.0516442764381095
PCoA_Dim11,A Tech-Centric Narrative,-0.051349236580092
PCoA_Dim11,Intellectually Stimulating,0.0505014387129907
PCoA_Dim11,A Tale of Mourning,-0.0500448606157487
PCoA_Dim11,A Life Story,0.0486398353377631
PCoA_Dim11,Good-Versus-Evil Conflict,0.0466288933753955
PCoA_Dim11,The Hero's Journey,-0.0457584927313101
PCoA_Dim11,Threatening Wildlife,0.0457409851417307
PCoA_Dim11,Natural splendor,-0.045654932575462
PCoA_Dim11,A Relentless Chase,-0.0452268161673417
PCoA_Dim11,an early life drama,0.0438987779290766
PCoA_Dim11,Use of Animated CGI,0.0438203338980187
PCoA_Dim11,A Focus on Feminism,0.0430980100550822
PCoA_Dim11,Melee Combat,0.042915097159409
PCoA_Dim11,Dialog-Driven,-0.042805965867905
PCoA_Dim11,Going after the MacGuffin,0.0422750900027741
PCoA_Dim11,A Romantic Drama,-0.0420445681288693
PCoA_Dim11,Unconventional directorial approach,0.0413259353971195
PCoA_Dim11,Violent Crimes,0.0405759461363604
PCoA_Dim11,A Police Thriller,-0.0405065697276394
PCoA_Dim11,A Futuristic Thriller,-0.0403991624591369
PCoA_Dim11,Profound & Reflective,0.0402440351760369
PCoA_Dim11,A Heterosexual Relationship,-0.040072965903278
PCoA_Dim11,Profound Amazement,-0.0399638229877382
PCoA_Dim11,Psychological Crime,0.0397624130758574
PCoA_Dim11,Built Around Humor,0.0396436734499262
PCoA_Dim11,Conquering Adversity,-0.0392308371563219
PCoA_Dim11,Psychological Distress,-0.0391934908303359
PCoA_Dim11,Rivalry,0.0361549859629876
PCoA_Dim11,Unexpected Conclusion,-0.0361415054259896
PCoA_Dim11,Deceptive Appearances,0.0360484434975737
PCoA_Dim11,The Post-War Era,-0.0351958999118535
PCoA_Dim11,A Mother's Arc,0.0350334288006037
PCoA_Dim11,A Whodunnit,-0.0340058787401495
PCoA_Dim11,A Law Enforcement Tale,-0.0326175321413841
PCoA_Dim11,Somber atmosphere,-0.0311399268708367
PCoA_Dim11,Active Narrator Voiceover,0.0301558962813759
PCoA_Dim11,All-ages,-0.0300678621901013
PCoA_Dim11,Situational Humor,0.0296645291682483
PCoA_Dim11,Set in the American South,-0.0295645409110523
PCoA_Dim11,A Crime Thriller,0.0292991328882301
PCoA_Dim11,The Hero Dies in This One,-0.0287753547203153
PCoA_Dim11,A Wholesome Comedy,0.0282879793208697
PCoA_Dim11,"Hardship, Loss, and Healing",-0.0275475061399385
PCoA_Dim11,Melancholy Atmosphere,-0.0267692379344593
PCoA_Dim11,A Group Quest,-0.0254084652380322
PCoA_Dim11,Ghosts,-0.0250624256581203
PCoA_Dim11,Childhood Bonds,0.0248806383669944
PCoA_Dim11,History-in-the-making,-0.0238210075242726
PCoA_Dim11,Female-centric narrative,0.0236129612760345
PCoA_Dim11,Focus on Culture,0.0221400134100253
PCoA_Dim11,To the Rescue,-0.021047884987292
PCoA_Dim11,Reveral of Fortune,-0.0209024718624448
PCoA_Dim11,A Detective Story,-0.0202452080230388
PCoA_Dim11,Biopic,-0.019193329602272
PCoA_Dim11,Comedic Protagonist,-0.0188832351994142
PCoA_Dim11,Losing One's Love,-0.018851863280393
PCoA_Dim11,Plot Twists!,-0.0186640377997428
PCoA_Dim11,A Sci-Fi Adventure,0.01772654830042
PCoA_Dim11,Elegant Dialog and Screenplay,-0.0175299933024659
PCoA_Dim11,A Black Character-Driven Story,-0.01584919890355
PCoA_Dim11,Psychological Suspense,-0.0140964059618869
PCoA_Dim11,A Tale of Wartime,-0.0137233712728084
PCoA_Dim11,Historical References,-0.0125535366074538
PCoA_Dim11,A Spy Thriller,-0.012386212555898
PCoA_Dim11,Use of non-linear flashbacks,-0.0117418917592422
PCoA_Dim11,Friends Against the Odds,0.0115676205621724
PCoA_Dim11,Moral Redemption,0.0109807454472007
PCoA_Dim11,Repeated Setbacks,-0.0100455297888533
PCoA_Dim11,Family-devoted Protagonist,0.0100369001417549
PCoA_Dim11,Averting the Catastrophe,0.0096011678216836
PCoA_Dim11,Narrative Originality,0.0094833709807684
PCoA_Dim11,Rural Story,0.0086384046043959
PCoA_Dim11,Heavy Gunplay,-0.008632432100687
PCoA_Dim11,Sad Ending,-0.0081872606469082
PCoA_Dim11,A Black & White,0.0078165420733932
PCoA_Dim11,A post-2015 narrative,0.0074046820138002
PCoA_Dim11,Cloak-and-Dagger ,0.0072865537334197
PCoA_Dim11,Transformative Make-up,0.0053531098282399
PCoA_Dim11,Risky Gambit,0.0052898282932389
PCoA_Dim11,Extraterrestrial Life,0.0051131662815455
PCoA_Dim11,Sophisticated Visual Effects Integration,0.0044840986346283
PCoA_Dim11,Island Setting,-0.0043899706116097
PCoA_Dim11,A Buddy Comedy,0.0034011039186239
PCoA_Dim11,Neighborhood story,0.0025202051139397
PCoA_Dim11,Female Friends and Bonding,0.0023946652214941
PCoA_Dim11,A village story,-0.001476613497547
PCoA_Dim11,Biographical narrative of a historical personality,-0.0010944216097717
PCoA_Dim12,A Father's Arc,0.3812488032725903
PCoA_Dim12,Parent-Child Narrative,0.3361403467064882
PCoA_Dim12,Relatable Protagonist,-0.3145585113916297
PCoA_Dim12,The Underdog Wins,-0.3098538543968718
PCoA_Dim12,About a Family,0.2935180247204893
PCoA_Dim12,A Family Drama,0.292481156730669
PCoA_Dim12,Female-centric narrative,-0.2875143512161946
PCoA_Dim12,A Focus on Feminism,-0.2851980810254678
PCoA_Dim12,Stories of Imprisonment,-0.2657932020282749
PCoA_Dim12,Female Friends and Bonding,-0.2636050878551453
PCoA_Dim12,Charming protagonist,-0.230863318067236
PCoA_Dim12,Family Struggles,0.2271745236268035
PCoA_Dim12,Family-devoted Protagonist,0.2267499841486427
PCoA_Dim12,Family Restoration,0.2196458909679093
PCoA_Dim12,Rich Visual Cinematography,0.2119180819669479
PCoA_Dim12,A Focus on the Issues,-0.2107243482841173
PCoA_Dim12,A Lead Worth Cheering For,-0.2104782323746562
PCoA_Dim12,Will-They-Won't-They Relationship,-0.2092150202861808
PCoA_Dim12,Self Discovery,-0.2088786804131275
PCoA_Dim12,Innocent protagonist,-0.2088677920661039
PCoA_Dim12,The Hero's Journey,-0.2060650262906589
PCoA_Dim12,Visually Beautiful / Immersive,0.1938976775841369
PCoA_Dim12,Childhood Bonds,-0.1905136433080758
PCoA_Dim12,Friends Against the Odds,-0.1901920110464272
PCoA_Dim12,A Mother's Arc,0.1899207681560704
PCoA_Dim12,Budding romance,-0.1883632996851789
PCoA_Dim12,Story With a Focus on Gender,-0.1852441854548794
PCoA_Dim12,Brave Protagonist,-0.1834784501174387
PCoA_Dim12,Coming-of-Age Tale,-0.1829617217773074
PCoA_Dim12,Changing Life Direction,-0.1813214967726114
PCoA_Dim12,A Romantic Dramedy,-0.175010621399549
PCoA_Dim12,Uneasy Characters,-0.1748392953094437
PCoA_Dim12,Classic Fall-Rise Plot Arc,-0.1661332199448057
PCoA_Dim12,Courtship,-0.1658325228216453
PCoA_Dim12,Conquering Adversity,-0.1600392418302035
PCoA_Dim12,Disadvantaged Social Class,-0.1594969719223288
PCoA_Dim12,Intricate Stunts,0.1569288714616975
PCoA_Dim12,Ominous and Chilling,-0.155371041682616
PCoA_Dim12,Coming of Age,-0.1521437376946089
PCoA_Dim12,High-end effects,0.1506046989539985
PCoA_Dim12,The Struggle for Survival,-0.1504345577996134
PCoA_Dim12,A Friendship Drama,-0.1491984145723232
PCoA_Dim12,Brothers or Sisters,0.1483486830135393
PCoA_Dim12,"Dangerous, Risky Behaviors",0.1449847240366081
PCoA_Dim12,Feel-Good Narrative,-0.1440268079899108
PCoA_Dim12,Sophisticated Visual Effects Integration,0.1437497767679819
PCoA_Dim12,"Positive, Uplifting Emotional Tone",-0.1429647341913315
PCoA_Dim12,Spirit-Stirring,-0.1425863846403425
PCoA_Dim12,Pursuit of Justice,-0.142424543233605
PCoA_Dim12,Psychological Manipulation,-0.1404639055195703
PCoA_Dim12,Positive Emotional Tone,-0.1359612463986414
PCoA_Dim12,Intended Fright Response,-0.1328927110357389
PCoA_Dim12,A Lead with Expertise,0.1316699796681637
PCoA_Dim12,Focus on Culture,-0.1297204715460813
PCoA_Dim12,Joyful Emotional Expression,-0.1256500288427284
PCoA_Dim12,Music-Rich,0.1239817033280743
PCoA_Dim12,Deliberate Visual Authorship,0.1225541329852111
PCoA_Dim12,Losing One's Love,0.1222857710864948
PCoA_Dim12,Dystopian,-0.1214652729407918
PCoA_Dim12,Moral Exploration,-0.1212393202171814
PCoA_Dim12,Happy Ending,-0.1204252953362635
PCoA_Dim12,Good-Versus-Evil Conflict,-0.1201113397199399
PCoA_Dim12,Political narrative,-0.1174683866333412
PCoA_Dim12,A Formidable Challenge,-0.1171766413483413
PCoA_Dim12,Dismal and unsettling tone,-0.1165564767515583
PCoA_Dim12,A Buddy Comedy,-0.116329606438752
PCoA_Dim12,Heavy Gunplay,0.1157981695635935
PCoA_Dim12,Unconventional directorial approach,0.1154026395903308
PCoA_Dim12,Direction-Driven,0.1153465660656491
PCoA_Dim12,A Sci-Fi Adventure,0.1150487527530276
PCoA_Dim12,Heartfelt and Hopeful,-0.1142171175612462
PCoA_Dim12,Use of Heavy Technology,0.1130228930006198
PCoA_Dim12,Eerie Score,-0.1124112662952468
PCoA_Dim12,Emotionally Withdrawn Protagonist,0.1117602618867885
PCoA_Dim12,Picture of Idealic Family Life,0.1116012378815039
PCoA_Dim12,Use of non-linear flashbacks,0.1088959994514397
PCoA_Dim12,Visceral Cinematography,0.105989563100058
PCoA_Dim12,Unsettling,-0.1038498683667122
PCoA_Dim12,Profound Amazement,0.1027539132351389
PCoA_Dim12,Extraterrestrial Life,0.1010848449954368
PCoA_Dim12,Somber and Eerie Tone,-0.0999721032276353
PCoA_Dim12,Signature directorial style,0.0999709497623395
PCoA_Dim12,A Tech-Centric Narrative,0.0997454955348852
PCoA_Dim12,Advanced Cinematography and Edit Work,0.0981135880121247
PCoA_Dim12,Moral Conflict,-0.097560868839191
PCoA_Dim12,A quest for retribution,0.0974701856394696
PCoA_Dim12,Societal Decline,-0.0954616223985583
PCoA_Dim12,Repeated Setbacks,-0.0948059070257488
PCoA_Dim12,Heightened Tension,-0.0939429490586233
PCoA_Dim12,The Fine Arts,0.0923875360145748
PCoA_Dim12,A Sense of Repulsiveness,-0.0915268384685302
PCoA_Dim12,Music-led Storytelling,0.0894153547420694
PCoA_Dim12,Deceptive Appearances,-0.0888324822778055
PCoA_Dim12,Polished and cohesive script,-0.0873768069091133
PCoA_Dim12,A Romantic Drama,-0.0871941154771485
PCoA_Dim12,A Tale of Science,0.0862192172865135
PCoA_Dim12,A Futuristic Thriller,0.0848828285590385
PCoA_Dim12,The Hero Dies in This One,0.082972249594867
PCoA_Dim12,Psychological Distress,-0.0819816345975232
PCoA_Dim12,Putting Others Above Oneself,-0.0815939584929589
PCoA_Dim12,The Entertainment Industry,0.080876385168726
PCoA_Dim12,Comedic Protagonist,-0.080514550977769
PCoA_Dim12,Formative hardships,-0.0802098426932328
PCoA_Dim12,Criminal Underbelly,0.0796146596172921
PCoA_Dim12,Relationship Turmoil,0.078561945811102
PCoA_Dim12,Use of Shock Elements,-0.0779074470343499
PCoA_Dim12,Situational Humor,-0.0761990724821919
PCoA_Dim12,Intricate Costuming,0.0756008586985883
PCoA_Dim12,Somber atmosphere,-0.0754019783283519
PCoA_Dim12,Set in Los Angeles,0.0748078516810751
PCoA_Dim12,A Science Thriller,0.0731626938098528
PCoA_Dim12,Psychological Horror,-0.0724548512415352
PCoA_Dim12,Reveral of Fortune,-0.0713800591047015
PCoA_Dim12,An Artist's Story,0.0709853612055625
PCoA_Dim12,Moral Redemption,-0.0708544998370982
PCoA_Dim12,Suspenseful atmosphere,-0.0679594262913172
PCoA_Dim12,The Villian's Story,0.0672619574810608
PCoA_Dim12,Psychologically Unstable Protagonist,0.0671849112807008
PCoA_Dim12,Plot Twists!,-0.0670791999584281
PCoA_Dim12,A Tidy Ending,-0.0668418756384642
PCoA_Dim12,Unexpected Conclusion,-0.06573123827027
PCoA_Dim12,A Tale of Mourning,0.0655511928309794
PCoA_Dim12,Melee Combat,0.0648218137414633
PCoA_Dim12,Romantic Triangle,-0.0646300772774551
PCoA_Dim12,Positive and Sentimental,-0.0633551280833968
PCoA_Dim12,The Pre-Modern Era,0.0616904883188251
PCoA_Dim12,Set in California,0.0614134267198833
PCoA_Dim12,A Group Quest,-0.0610723887530069
PCoA_Dim12,Predominant Sound Effects,0.0607814354592073
PCoA_Dim12,Built Around Humor,-0.059320007322836
PCoA_Dim12,Religious themes,-0.0588763907072094
PCoA_Dim12,Rivalry,0.0586376749948449
PCoA_Dim12,Grappling with Mortality,-0.0586139791411813
PCoA_Dim12,High Medieval Fantasy,-0.0586013280295756
PCoA_Dim12,A Wholesome Comedy,0.0585940961952555
PCoA_Dim12,Childhood Narrative,-0.058498786853838
PCoA_Dim12,Natural splendor,0.0583694674633618
PCoA_Dim12,Transformative Make-up,0.0567790197550301
PCoA_Dim12,Live Performance Arts,0.0554874691376489
PCoA_Dim12,Dialog-Driven,-0.0526520491131533
PCoA_Dim12,Young Adventurers,-0.0524094053072576
PCoA_Dim12,Narrative Originality,0.0518875629235624
PCoA_Dim12,A Focus on Mood,-0.0513889513119474
PCoA_Dim12,Forest Setting,-0.0511248345707483
PCoA_Dim12,Biographical narrative of a historical personality,0.0510781332252902
PCoA_Dim12,Narrative Driven by the Context,-0.0509345199591151
PCoA_Dim12,The Post-War Era,0.0499803649323964
PCoA_Dim12,Melancholy Atmosphere,-0.0484647640449421
PCoA_Dim12,Set in America,0.046483030358416
PCoA_Dim12,The Superhero Prevails,0.0462637023104217
PCoA_Dim12,A Late 20th and Early 21st Century Narrative,-0.0461254807661496
PCoA_Dim12,A Crime Thriller,0.0460549830349882
PCoA_Dim12,A Poignant Mood,0.0446258413755663
PCoA_Dim12,Tender and heartwarming score,-0.0444900580908341
PCoA_Dim12,Predominant Set Design,0.0440577638530273
PCoA_Dim12,Risky Gambit,-0.0438608553519654
PCoA_Dim12,Active Narrator Voiceover,0.042812709833704
PCoA_Dim12,The Unraveling of Trust,-0.0419612615100172
PCoA_Dim12,A Feeling of Surprise,-0.0416532783107535
PCoA_Dim12,Historical References,-0.0416040233891709
PCoA_Dim12,Explicit Violence and Goriness,0.0406354762019064
PCoA_Dim12,Intellectually Stimulating,-0.040329117327744
PCoA_Dim12,Biopic,0.0402941960899698
PCoA_Dim12,Genius Protagonist,0.0387019517210097
PCoA_Dim12,Hostile Gloom,-0.0379175013824699
PCoA_Dim12,Supernatural Phenomena,-0.037772852888251
PCoA_Dim12,Sad Ending,0.0374726580978587
PCoA_Dim12,Eccentric Acting,0.0363972389844515
PCoA_Dim12,A village story,-0.0357213524343187
PCoA_Dim12,A Tale of Wartime,-0.0355632614166873
PCoA_Dim12,History-in-the-making,-0.0340049326704901
PCoA_Dim12,Affluent Social Class,0.032979688949749
PCoA_Dim12,Character-Driven,-0.0327323071101386
PCoA_Dim12,A Comic Fantasy,-0.03231195856529
PCoA_Dim12,A Life Story,0.0315345809706324
PCoA_Dim12,an early life drama,-0.0314696397939435
PCoA_Dim12,Rural Story,-0.0298798701339967
PCoA_Dim12,Metropolitan story,0.0297651142973851
PCoA_Dim12,The Great Chase,-0.0282096328454015
PCoA_Dim12,A Whodunnit,-0.0279721687478358
PCoA_Dim12,Talking Animals,-0.0277487779450229
PCoA_Dim12,Ghosts,-0.0276617908794216
PCoA_Dim12,Psychological Suspense,-0.0272211904078886
PCoA_Dim12,Mid-20th Century Narrative ,-0.027085515354805
PCoA_Dim12,An Asian-Driven Story,-0.0270032575856307
PCoA_Dim12,Focus on Asian Culture,-0.0269227216748673
PCoA_Dim12,Male Friends and Bonding,0.0264207539011568
PCoA_Dim12,Profound & Reflective,-0.0261446277585594
PCoA_Dim12,Plot-Centric,-0.0259646039255424
PCoA_Dim12,Real-world satire,-0.0259084361444384
PCoA_Dim12,A Police Thriller,0.0256120476141696
PCoA_Dim12,Set in France,0.0255663266176034
PCoA_Dim12,A Mainstream Feature,-0.0247432412190389
PCoA_Dim12,Perilous Liaison,0.0237183108988672
PCoA_Dim12,Enchanted Creatures and Spells,-0.0232684544362446
PCoA_Dim12,A Black Character-Driven Story,-0.0232651171556941
PCoA_Dim12,Set in Europe,-0.0229139779271871
PCoA_Dim12,Set in India,-0.022419800415445
PCoA_Dim12,A Sports Setting,-0.0221521142037274
PCoA_Dim12,Cloak-and-Dagger ,0.0218911745991203
PCoA_Dim12,Masterful acting,-0.0217812766163433
PCoA_Dim12,A Relentless Chase,-0.0214801208380757
PCoA_Dim12,A Black & White,-0.0211960044605113
PCoA_Dim12,Neighborhood story,0.0211513774859381
PCoA_Dim12,Set in Japan,-0.0205011264711298
PCoA_Dim12,Heavy Impact of the Soundtrack,-0.0200437762615405
PCoA_Dim12,All-ages,-0.0196957601346021
PCoA_Dim12,Flawed Protagonist,-0.0191866816820783
PCoA_Dim12,A Spy Thriller,0.0182622602359772
PCoA_Dim12,"Raw, Unfiltered Dialog",-0.0178044636781908
PCoA_Dim12,Set in the American South,0.0175988785299092
PCoA_Dim12,A Heterosexual Relationship,-0.0175498870823851
PCoA_Dim12,A Law Enforcement Tale,0.0168561078038298
PCoA_Dim12,Averting the Catastrophe,-0.0165835703785134
PCoA_Dim12,"Hardship, Loss, and Healing",0.0158518789204981
PCoA_Dim12,Psychological Crime,0.0158498339175721
PCoA_Dim12,Going after the MacGuffin,-0.015764104627319
PCoA_Dim12,Set in Asia,-0.0156325204375408
PCoA_Dim12,Confronting One's Shadow,-0.0147285828351142
PCoA_Dim12,To the Rescue,0.0143865233070054
PCoA_Dim12,A fantastical realm,-0.0143102933336564
PCoA_Dim12,Use of Animated CGI,-0.0141659434499746
PCoA_Dim12,A Dominant Leader,0.0120405930249693
PCoA_Dim12,A Stock Story,-0.0108623355857603
PCoA_Dim12,Set in NYC,-0.0100981268948265
PCoA_Dim12,Set is East Asia,-0.0100511867268587
PCoA_Dim12,Island Setting,0.0094875470234305
PCoA_Dim12,The Aristocrats,-0.0089094868897585
PCoA_Dim12,Set in the UK,-0.0087445225995003
PCoA_Dim12,Energetic Emotional Tone,0.0082101149990326
PCoA_Dim12,Avarice,0.0069896292008676
PCoA_Dim12,Elegant Dialog and Screenplay,0.0064570066754329
PCoA_Dim12,Act of treachery,0.0061113198181946
PCoA_Dim12,Psychological challenges,-0.0060729672044785
PCoA_Dim12,Dark or Caustic Wit,0.0060157373368461
PCoA_Dim12,A post-2015 narrative,0.0046489121233677
PCoA_Dim12,A Adventure Comedy,-0.004635115402823
PCoA_Dim12,Violent Crimes,0.0042998357325627
PCoA_Dim12,Fast-paced,-0.0039003980503243
PCoA_Dim12,Threatening Wildlife,-0.0029430482836184
PCoA_Dim12,Dry Humor Dialogue,-0.0027442191633068
PCoA_Dim12,A Detective Story,0.002621441941156
PCoA_Dim12,Moral Temptation,-0.0010504425952239
PCoA_Dim12,Nonsensical Comedy,-0.0009433185670993
PCoA_Dim12,Philosophical or Intellectual Exploration,0.0002730891714315
PCoA_Dim12,Set in the Future,-0.0002203688311582
PCoA_Dim12,Alternative Reality,0.0001541980222099
PCoA_Dim13,Coming of Age,-0.3920328160597608
PCoA_Dim13,Childhood Bonds,-0.3454614314945982
PCoA_Dim13,Coming-of-Age Tale,-0.3385809814148774
PCoA_Dim13,Formative hardships,-0.3376664845109536
PCoA_Dim13,Childhood Narrative,-0.3341906594721711
PCoA_Dim13,an early life drama,-0.3015861092981458
PCoA_Dim13,A Friendship Drama,-0.2994396287114577
PCoA_Dim13,A Mother's Arc,0.2932051111509501
PCoA_Dim13,Built Around Humor,0.2818832234443188
PCoA_Dim13,Family-devoted Protagonist,0.2769432378504077
PCoA_Dim13,Parent-Child Narrative,0.2697043499526984
PCoA_Dim13,A Father's Arc,0.2599853419968273
PCoA_Dim13,Young Adventurers,-0.2488139637044386
PCoA_Dim13,Real-world satire,0.2418241972520136
PCoA_Dim13,Comedic Protagonist,0.2401195212021146
PCoA_Dim13,Nonsensical Comedy,0.2371639183577817
PCoA_Dim13,A Heterosexual Relationship,0.2343371760296728
PCoA_Dim13,Situational Humor,0.2170100281478473
PCoA_Dim13,About a Family,0.2133153380688821
PCoA_Dim13,A Crime Thriller,-0.1944568799213436
PCoA_Dim13,Music-Rich,-0.1880986822426834
PCoA_Dim13,Criminal Underbelly,-0.1878030339514226
PCoA_Dim13,Political narrative,0.18043554665773
PCoA_Dim13,Focus on Culture,0.1773096979656556
PCoA_Dim13,Male Friends and Bonding,-0.1673907955542482
PCoA_Dim13,History-in-the-making,0.1657966809959273
PCoA_Dim13,Dry Humor Dialogue,0.1655719921873861
PCoA_Dim13,Rich Visual Cinematography,-0.1639715844388495
PCoA_Dim13,Historical References,0.1628791971290893
PCoA_Dim13,Uneasy Characters,0.1626428381268252
PCoA_Dim13,Visually Beautiful / Immersive,-0.1586553385555768
PCoA_Dim13,Violent Crimes,-0.1554716754139152
PCoA_Dim13,Stories of Imprisonment,0.1546186704474232
PCoA_Dim13,A Police Thriller,-0.1531090393914903
PCoA_Dim13,Heavy Gunplay,-0.1501886368811472
PCoA_Dim13,Positive Emotional Tone,0.1461249430306362
PCoA_Dim13,Dialog-Driven,0.1455944773818021
PCoA_Dim13,Relatable Protagonist,0.1440306651601516
PCoA_Dim13,Psychological Crime,-0.1423784165205316
PCoA_Dim13,Dark or Caustic Wit,0.1385849589164932
PCoA_Dim13,A Wholesome Comedy,0.1372082707955026
PCoA_Dim13,Innocent protagonist,-0.1359787803947119
PCoA_Dim13,Heavy Impact of the Soundtrack,-0.1356210007983376
PCoA_Dim13,Picture of Idealic Family Life,0.1334488426784268
PCoA_Dim13,Biographical narrative of a historical personality,0.1315271971995866
PCoA_Dim13,Classic Fall-Rise Plot Arc,0.1311514830609481
PCoA_Dim13,A Focus on the Issues,0.1310339738336375
PCoA_Dim13,Joyful Emotional Expression,0.1299745252596287
PCoA_Dim13,A Family Drama,0.1281470157473057
PCoA_Dim13,Profound Amazement,-0.127889647869846
PCoA_Dim13,Music-led Storytelling,-0.1259847048664822
PCoA_Dim13,The Underdog Wins,0.1254306432603308
PCoA_Dim13,Happy Ending,0.1247659545886584
PCoA_Dim13,Family Struggles,0.122806265344675
PCoA_Dim13,Emotionally Withdrawn Protagonist,-0.1220993054702536
PCoA_Dim13,A Tale of Wartime,0.1206162077168414
PCoA_Dim13,"Positive, Uplifting Emotional Tone",0.1198952118094907
PCoA_Dim13,Family Restoration,0.1197015299565883
PCoA_Dim13,Intended Fright Response,0.119467868389538
PCoA_Dim13,Charming protagonist,0.1194319299568969
PCoA_Dim13,Female-centric narrative,0.1194020393673165
PCoA_Dim13,Friends Against the Odds,-0.1190767707166332
PCoA_Dim13,Philosophical or Intellectual Exploration,0.1175773639415563
PCoA_Dim13,Metropolitan story,-0.113559318728093
PCoA_Dim13,Eccentric Acting,0.1121922217812215
PCoA_Dim13,Putting Others Above Oneself,0.1112472383243161
PCoA_Dim13,Natural splendor,-0.1111022481885055
PCoA_Dim13,A Adventure Comedy,0.1109398478733943
PCoA_Dim13,A Formidable Challenge,0.1085835585853403
PCoA_Dim13,A Group Quest,-0.1081532122010953
PCoA_Dim13,Story With a Focus on Gender,0.1071304717422047
PCoA_Dim13,A Law Enforcement Tale,-0.1070565225840999
PCoA_Dim13,Repeated Setbacks,0.105756806782777
PCoA_Dim13,A Lead Worth Cheering For,0.1047748214874833
PCoA_Dim13,Societal Decline,0.1040077153021068
PCoA_Dim13,Religious themes,0.1028305695216154
PCoA_Dim13,A Romantic Dramedy,0.1018800702847218
PCoA_Dim13,Deliberate Visual Authorship,-0.1004682735392317
PCoA_Dim13,Biopic,0.1000539381698708
PCoA_Dim13,A Focus on Feminism,0.0989236248473302
PCoA_Dim13,Focus on Asian Culture,0.09854056131406
PCoA_Dim13,Melee Combat,-0.0983666625097316
PCoA_Dim13,A post-2015 narrative,0.0981948963799525
PCoA_Dim13,A quest for retribution,-0.0975430287887768
PCoA_Dim13,A Detective Story,-0.0952848486998956
PCoA_Dim13,Feel-Good Narrative,0.093933015341554
PCoA_Dim13,Act of treachery,-0.0930265877088665
PCoA_Dim13,Active Narrator Voiceover,-0.0927877209894002
PCoA_Dim13,Moral Temptation,-0.0921980645126846
PCoA_Dim13,A Sense of Repulsiveness,0.0903003793142525
PCoA_Dim13,Avarice,-0.0893806938524075
PCoA_Dim13,Polished and cohesive script,0.0893477518614655
PCoA_Dim13,"Raw, Unfiltered Dialog",-0.0889328618681981
PCoA_Dim13,Affluent Social Class,0.0885788420490535
PCoA_Dim13,Intricate Stunts,-0.0876465212486659
PCoA_Dim13,Dystopian,0.0862292491037783
PCoA_Dim13,Eerie Score,0.0860289020297107
PCoA_Dim13,Ominous and Chilling,0.0855931826931412
PCoA_Dim13,Elegant Dialog and Screenplay,0.0845099215938637
PCoA_Dim13,The Aristocrats,0.0839493579094785
PCoA_Dim13,"Hardship, Loss, and Healing",0.0836915032688753
PCoA_Dim13,Live Performance Arts,-0.0831626770943977
PCoA_Dim13,A fantastical realm,-0.0797291615087954
PCoA_Dim13,Female Friends and Bonding,-0.0796905077196886
PCoA_Dim13,The Pre-Modern Era,0.0774614812654905
PCoA_Dim13,Explicit Violence and Goriness,-0.0773587948764486
PCoA_Dim13,A Tidy Ending,0.0769318686671784
PCoA_Dim13,Dismal and unsettling tone,0.0766595185855768
PCoA_Dim13,An Artist's Story,-0.075973986386294
PCoA_Dim13,Psychological Horror,0.0752350317254318
PCoA_Dim13,Masterful acting,0.0723541963508301
PCoA_Dim13,Deceptive Appearances,0.0712242550041977
PCoA_Dim13,Set in Los Angeles,-0.0710069865032988
PCoA_Dim13,Ghosts,0.070758770911412
PCoA_Dim13,Perilous Liaison,-0.070460553700922
PCoA_Dim13,Visceral Cinematography,-0.0702647035550507
PCoA_Dim13,A Late 20th and Early 21st Century Narrative,-0.0682969758826189
PCoA_Dim13,The Fine Arts,-0.0671843492283851
PCoA_Dim13,Brave Protagonist,0.0665009178091493
PCoA_Dim13,A Mainstream Feature,0.0662651786856364
PCoA_Dim13,A Poignant Mood,-0.0659565671192597
PCoA_Dim13,Use of Shock Elements,0.0659059899685501
PCoA_Dim13,High Medieval Fantasy,-0.0644025943657576
PCoA_Dim13,Rivalry,-0.0631100337752319
PCoA_Dim13,Unsettling,0.0630569628987317
PCoA_Dim13,Psychological Suspense,-0.0629049013618927
PCoA_Dim13,Good-Versus-Evil Conflict,0.0617161346011136
PCoA_Dim13,Threatening Wildlife,-0.0614482374111195
PCoA_Dim13,Set in California,-0.0602861500573714
PCoA_Dim13,The Struggle for Survival,0.0593066894138733
PCoA_Dim13,Unconventional directorial approach,0.0584873507331101
PCoA_Dim13,Enchanted Creatures and Spells,-0.0574853773261559
PCoA_Dim13,A Relentless Chase,-0.0573281406876975
PCoA_Dim13,Genius Protagonist,0.0570637889409517
PCoA_Dim13,Relationship Turmoil,0.0569091131457933
PCoA_Dim13,Moral Redemption,0.0562646732327377
PCoA_Dim13,Intellectually Stimulating,0.0553314512718877
PCoA_Dim13,Self Discovery,-0.0540668264941721
PCoA_Dim13,Somber and Eerie Tone,0.0539500438411113
PCoA_Dim13,The Post-War Era,-0.0535746305769184
PCoA_Dim13,A Comic Fantasy,0.0530618683185451
PCoA_Dim13,A Feeling of Surprise,0.0513908697515633
PCoA_Dim13,Courtship,0.0503616511849518
PCoA_Dim13,To the Rescue,0.0494249041835258
PCoA_Dim13,An Asian-Driven Story,0.0487893175697125
PCoA_Dim13,Transformative Make-up,0.0473290956405853
PCoA_Dim13,Set in Asia,0.0469888340375355
PCoA_Dim13,Set in France,-0.0469359548386084
PCoA_Dim13,Reveral of Fortune,0.0462326834213614
PCoA_Dim13,The Great Chase,-0.0461835248515822
PCoA_Dim13,Risky Gambit,0.045973055625555
PCoA_Dim13,Sophisticated Visual Effects Integration,-0.0458854072493961
PCoA_Dim13,The Hero's Journey,0.0453756820707568
PCoA_Dim13,Set in India,0.0441501151267426
PCoA_Dim13,Forest Setting,-0.0440438539696886
PCoA_Dim13,A Stock Story,0.0432556445041995
PCoA_Dim13,Confronting One's Shadow,-0.0429373751076884
PCoA_Dim13,Intricate Costuming,0.0420945063853815
PCoA_Dim13,Rural Story,0.0410639786842271
PCoA_Dim13,Direction-Driven,-0.0404792785552956
PCoA_Dim13,Psychological Distress,0.0402970131029138
PCoA_Dim13,Supernatural Phenomena,0.0401126378202946
PCoA_Dim13,Spirit-Stirring,0.0393381187016509
PCoA_Dim13,Neighborhood story,0.0388481550237962
PCoA_Dim13,Narrative Originality,0.0387406952930616
PCoA_Dim13,Set in NYC,-0.038704151939223
PCoA_Dim13,Set in Japan,-0.0384991881564351
PCoA_Dim13,Plot Twists!,0.0383646107977071
PCoA_Dim13,Fast-paced,0.0369128381068189
PCoA_Dim13,Brothers or Sisters,0.0362256981322259
PCoA_Dim13,"Dangerous, Risky Behaviors",-0.0361737420288327
PCoA_Dim13,A Whodunnit,-0.0360882909094419
PCoA_Dim13,Budding romance,-0.0352173772039894
PCoA_Dim13,Set in America,-0.0334266050721704
PCoA_Dim13,Heartfelt and Hopeful,0.0331156753891373
PCoA_Dim13,The Hero Dies in This One,-0.0330845577602564
PCoA_Dim13,Mid-20th Century Narrative ,0.0326658230593586
PCoA_Dim13,The Villian's Story,-0.0323577615682724
PCoA_Dim13,The Entertainment Industry,-0.0318775817649222
PCoA_Dim13,Tender and heartwarming score,-0.0314158840278135
PCoA_Dim13,Hostile Gloom,-0.0305680739355709
PCoA_Dim13,Heightened Tension,0.0305608031073723
PCoA_Dim13,Moral Exploration,0.0304382060079675
PCoA_Dim13,Talking Animals,-0.0301866448876904
PCoA_Dim13,Changing Life Direction,0.0300843683147062
PCoA_Dim13,The Superhero Prevails,-0.0298613045525863
PCoA_Dim13,Psychologically Unstable Protagonist,-0.0297669330657145
PCoA_Dim13,Use of Animated CGI,-0.0297491006158199
PCoA_Dim13,A Black & White,0.0296741044134889
PCoA_Dim13,Disadvantaged Social Class,0.0290143446190419
PCoA_Dim13,A Black Character-Driven Story,-0.0289788497551462
PCoA_Dim13,Averting the Catastrophe,0.0286428918973374
PCoA_Dim13,Going after the MacGuffin,-0.0282837504680982
PCoA_Dim13,Romantic Triangle,-0.0271017509985
PCoA_Dim13,Advanced Cinematography and Edit Work,-0.0262944559207294
PCoA_Dim13,Sad Ending,-0.0256210310876091
PCoA_Dim13,A Romantic Drama,-0.0248153825364866
PCoA_Dim13,Flawed Protagonist,-0.0242758864930097
PCoA_Dim13,Melancholy Atmosphere,0.0239605001469261
PCoA_Dim13,A village story,-0.0236335901498684
PCoA_Dim13,Island Setting,-0.0234996701900388
PCoA_Dim13,Use of non-linear flashbacks,-0.0229243769162238
PCoA_Dim13,A Life Story,0.0225102396112722
PCoA_Dim13,The Unraveling of Trust,-0.022312128375356
PCoA_Dim13,Psychological challenges,0.0208935556997164
PCoA_Dim13,All-ages,0.02054322835541
PCoA_Dim13,High-end effects,-0.0202567292929212
PCoA_Dim13,A Sports Setting,-0.019392134398156
PCoA_Dim13,A Lead with Expertise,-0.0189128770657104
PCoA_Dim13,Energetic Emotional Tone,-0.0184354609341251
PCoA_Dim13,A Tale of Science,0.017950095719589
PCoA_Dim13,Signature directorial style,0.0166960758106576
PCoA_Dim13,Predominant Sound Effects,-0.0158507601339117
PCoA_Dim13,A Science Thriller,0.0155728119935645
PCoA_Dim13,Plot-Centric,0.0155637424638839
PCoA_Dim13,A Tech-Centric Narrative,-0.0153877969791103
PCoA_Dim13,Positive and Sentimental,0.0146465461115458
PCoA_Dim13,Unexpected Conclusion,0.0145637503032531
PCoA_Dim13,A Tale of Mourning,-0.0142692455481702
PCoA_Dim13,Predominant Set Design,-0.013655883906027
PCoA_Dim13,Moral Conflict,-0.0134880128144354
PCoA_Dim13,Set in the UK,0.0134655071685789
PCoA_Dim13,Suspenseful atmosphere,-0.0116131588508567
PCoA_Dim13,Set is East Asia,0.011342440489896
PCoA_Dim13,Extraterrestrial Life,-0.0112752659998886
PCoA_Dim13,Conquering Adversity,0.0110947345549031
PCoA_Dim13,Cloak-and-Dagger ,0.0104382823555895
PCoA_Dim13,Use of Heavy Technology,-0.0100573205587886
PCoA_Dim13,Grappling with Mortality,0.0095931063663098
PCoA_Dim13,Will-They-Won't-They Relationship,-0.0094285183017695
PCoA_Dim13,Set in the Future,-0.0093642794634166
PCoA_Dim13,Psychological Manipulation,0.0088454310982013
PCoA_Dim13,Set in the American South,-0.0084594917787716
PCoA_Dim13,A Spy Thriller,-0.008160829003068
PCoA_Dim13,Narrative Driven by the Context,0.0078157527630476
PCoA_Dim13,A Sci-Fi Adventure,-0.0072996920529427
PCoA_Dim13,A Focus on Mood,0.0071897799544443
PCoA_Dim13,Somber atmosphere,0.0069595095666771
PCoA_Dim13,A Futuristic Thriller,0.0045529935000291
PCoA_Dim13,Pursuit of Justice,-0.0042664979699698
PCoA_Dim13,Set in Europe,-0.0042123192843142
PCoA_Dim13,Alternative Reality,-0.0015655311070133
PCoA_Dim13,A Buddy Comedy,0.0007859501431249
PCoA_Dim13,Profound & Reflective,-0.0006103495695406
PCoA_Dim13,Losing One's Love,-0.0004813776358191
PCoA_Dim13,Character-Driven,0.000394325146684
PCoA_Dim13,A Dominant Leader,6.047331295227767e-05
PCoA_Dim14,Confronting One's Shadow,0.4205094299662227
PCoA_Dim14,Moral Redemption,0.2912706328544505
PCoA_Dim14,Emotionally Withdrawn Protagonist,0.2812682995460084
PCoA_Dim14,Psychologically Unstable Protagonist,0.2793109827910129
PCoA_Dim14,Flawed Protagonist,0.2734681236342955
PCoA_Dim14,Self Discovery,0.2402799312227634
PCoA_Dim14,Psychological challenges,0.2301031626195898
PCoA_Dim14,Classic Fall-Rise Plot Arc,0.2256608778076926
PCoA_Dim14,Enchanted Creatures and Spells,0.2252366218430351
PCoA_Dim14,Female-centric narrative,-0.2224668295226224
PCoA_Dim14,Changing Life Direction,0.2160002463050377
PCoA_Dim14,Coming-of-Age Tale,-0.2112306289270483
PCoA_Dim14,A fantastical realm,0.20843302509761
PCoA_Dim14,Conquering Adversity,0.2059660105693296
PCoA_Dim14,Supernatural Phenomena,0.2021080778077917
PCoA_Dim14,Biopic,0.2018888401626928
PCoA_Dim14,Psychological Distress,0.1993947668864958
PCoA_Dim14,Use of non-linear flashbacks,0.1964824946991151
PCoA_Dim14,Courtship,-0.1959743507510435
PCoA_Dim14,An Artist's Story,0.1879452360580605
PCoA_Dim14,Brothers or Sisters,-0.1878413474373493
PCoA_Dim14,an early life drama,-0.1791111010723269
PCoA_Dim14,A Mother's Arc,-0.1781088378347533
PCoA_Dim14,Formative hardships,-0.1773677983145117
PCoA_Dim14,Will-They-Won't-They Relationship,-0.1773224041023972
PCoA_Dim14,Societal Decline,-0.1748868353680966
PCoA_Dim14,A Heterosexual Relationship,-0.173618736696027
PCoA_Dim14,Heavy Gunplay,-0.1732130685952482
PCoA_Dim14,Focus on Culture,-0.1719339889074758
PCoA_Dim14,Childhood Narrative,-0.1717201550826413
PCoA_Dim14,Coming of Age,-0.1702513552333506
PCoA_Dim14,Alternative Reality,0.1683408734031477
PCoA_Dim14,Biographical narrative of a historical personality,0.1661772658085662
PCoA_Dim14,A Romantic Drama,-0.1640503110893981
PCoA_Dim14,Female Friends and Bonding,-0.1636374182318194
PCoA_Dim14,A Life Story,0.1621769030222259
PCoA_Dim14,The Fine Arts,0.1598849312364824
PCoA_Dim14,Budding romance,-0.1598286750805497
PCoA_Dim14,A Family Drama,-0.1554604985013013
PCoA_Dim14,A Comic Fantasy,0.1547403744753672
PCoA_Dim14,The Hero's Journey,0.1525556702651653
PCoA_Dim14,About a Family,-0.1515680508379396
PCoA_Dim14,A Tale of Mourning,0.1508201938635007
PCoA_Dim14,Set is East Asia,0.1496250076236118
PCoA_Dim14,Romantic Triangle,-0.1492613634291521
PCoA_Dim14,The Entertainment Industry,0.1490137912631881
PCoA_Dim14,High Medieval Fantasy,0.1444932759901647
PCoA_Dim14,Childhood Bonds,-0.1405260718093331
PCoA_Dim14,Story With a Focus on Gender,-0.138181390518491
PCoA_Dim14,Parent-Child Narrative,-0.1364879015165012
PCoA_Dim14,Signature directorial style,-0.1342178544178635
PCoA_Dim14,Rural Story,-0.1339959329219712
PCoA_Dim14,Talking Animals,0.1338771495420885
PCoA_Dim14,Friends Against the Odds,0.1333952699891424
PCoA_Dim14,A Romantic Dramedy,-0.1328203078266993
PCoA_Dim14,Use of Animated CGI,0.1293667881187314
PCoA_Dim14,Set in Europe,-0.1276896192238844
PCoA_Dim14,Spirit-Stirring,0.127556689330051
PCoA_Dim14,Ghosts,0.1270925888626426
PCoA_Dim14,A Focus on the Issues,-0.126760003529484
PCoA_Dim14,A Focus on Feminism,-0.1264651496287978
PCoA_Dim14,Set in Asia,0.1261302527943724
PCoA_Dim14,A Lead with Expertise,0.1251025753401441
PCoA_Dim14,Psychological Suspense,0.1228417758663315
PCoA_Dim14,Fast-paced,-0.1223719053248738
PCoA_Dim14,Narrative Driven by the Context,-0.1222061161798073
PCoA_Dim14,Live Performance Arts,0.1213208152960417
PCoA_Dim14,A Black & White,-0.1197152589934098
PCoA_Dim14,Visceral Cinematography,-0.1195701443629223
PCoA_Dim14,Set in Japan,0.117854015342309
PCoA_Dim14,Family-devoted Protagonist,-0.1172680174835415
PCoA_Dim14,Disadvantaged Social Class,-0.1138844752853194
PCoA_Dim14,Psychological Horror,0.1121869178643654
PCoA_Dim14,"Hardship, Loss, and Healing",0.1108156505369454
PCoA_Dim14,Going after the MacGuffin,0.1096918773828799
PCoA_Dim14,Direction-Driven,-0.1095644146001887
PCoA_Dim14,"Raw, Unfiltered Dialog",-0.1092645163281613
PCoA_Dim14,Psychological Crime,0.1089774329949164
PCoA_Dim14,A Stock Story,-0.1079782689378091
PCoA_Dim14,An Asian-Driven Story,0.1067503884268824
PCoA_Dim14,Repeated Setbacks,0.1061453757869709
PCoA_Dim14,Losing One's Love,0.1047349948125181
PCoA_Dim14,Dark or Caustic Wit,-0.1006145923118047
PCoA_Dim14,A Tale of Wartime,-0.0995106634799226
PCoA_Dim14,A Formidable Challenge,0.0988216769399216
PCoA_Dim14,Intricate Stunts,-0.0974139814797633
PCoA_Dim14,Dry Humor Dialogue,-0.0956459039845649
PCoA_Dim14,Explicit Violence and Goriness,-0.0952785375022325
PCoA_Dim14,Innocent protagonist,-0.0949289815064208
PCoA_Dim14,Energetic Emotional Tone,-0.0944181827273072
PCoA_Dim14,Picture of Idealic Family Life,-0.0927556362612782
PCoA_Dim14,Political narrative,-0.0894384857172585
PCoA_Dim14,A Whodunnit,0.087799375962793
PCoA_Dim14,Perilous Liaison,-0.0877993269988687
PCoA_Dim14,Mid-20th Century Narrative ,-0.0866496907899132
PCoA_Dim14,Positive and Sentimental,0.0863993272001574
PCoA_Dim14,Genius Protagonist,0.0863747413254374
PCoA_Dim14,Philosophical or Intellectual Exploration,0.0856182583078978
PCoA_Dim14,Advanced Cinematography and Edit Work,-0.0852772091389564
PCoA_Dim14,Deliberate Visual Authorship,-0.0845808256222307
PCoA_Dim14,Grappling with Mortality,0.0843952267157426
PCoA_Dim14,A Spy Thriller,-0.0829096251032947
PCoA_Dim14,Character-Driven,0.0828649769308724
PCoA_Dim14,Cloak-and-Dagger ,-0.0823980077976473
PCoA_Dim14,Situational Humor,-0.0823255622810374
PCoA_Dim14,Unconventional directorial approach,-0.0812361164392348
PCoA_Dim14,A Sports Setting,0.0796701446728767
PCoA_Dim14,Dystopian,-0.078282412230128
PCoA_Dim14,Feel-Good Narrative,0.0762900956567453
PCoA_Dim14,Set in France,-0.0762729280825975
PCoA_Dim14,Neighborhood story,-0.0762004617436922
PCoA_Dim14,The Struggle for Survival,-0.0748758477639432
PCoA_Dim14,Religious themes,0.0741361731226216
PCoA_Dim14,Affluent Social Class,-0.0734436756359886
PCoA_Dim14,Moral Temptation,0.0700776461534994
PCoA_Dim14,A Futuristic Thriller,-0.0690207334962056
PCoA_Dim14,Risky Gambit,-0.0684745480826344
PCoA_Dim14,Profound Amazement,0.0684622046387395
PCoA_Dim14,A Detective Story,0.0681705292373233
PCoA_Dim14,Predominant Set Design,-0.067870745037965
PCoA_Dim14,Moral Conflict,0.0668184963218544
PCoA_Dim14,Criminal Underbelly,-0.0655483030774329
PCoA_Dim14,Real-world satire,-0.0650900848386724
PCoA_Dim14,Built Around Humor,-0.0647617953168747
PCoA_Dim14,A village story,-0.0640413995031499
PCoA_Dim14,A Science Thriller,-0.0638481801553934
PCoA_Dim14,High-end effects,-0.0637684621392312
PCoA_Dim14,Young Adventurers,-0.061785683590545
PCoA_Dim14,Heartfelt and Hopeful,0.0606946812392309
PCoA_Dim14,Profound & Reflective,0.0590104124066327
PCoA_Dim14,A Tidy Ending,0.0588418121547882
PCoA_Dim14,"Dangerous, Risky Behaviors",-0.058608078746252
PCoA_Dim14,Heightened Tension,-0.0553077629177821
PCoA_Dim14,Heavy Impact of the Soundtrack,-0.0552679601675641
PCoA_Dim14,A Relentless Chase,-0.0548340980545729
PCoA_Dim14,Melee Combat,-0.054641368044547
PCoA_Dim14,Elegant Dialog and Screenplay,-0.0539840640675274
PCoA_Dim14,Violent Crimes,-0.0524125616830714
PCoA_Dim14,The Unraveling of Trust,-0.0522413804128505
PCoA_Dim14,Set in the Future,-0.0489801223703552
PCoA_Dim14,The Post-War Era,-0.0489449736395625
PCoA_Dim14,Moral Exploration,0.0483960159341277
PCoA_Dim14,The Great Chase,-0.0475264298752096
PCoA_Dim14,Act of treachery,-0.0474764634806759
PCoA_Dim14,Psychological Manipulation,0.0467757119580172
PCoA_Dim14,The Villian's Story,0.0460662329750875
PCoA_Dim14,Somber and Eerie Tone,0.0460654620122032
PCoA_Dim14,A Black Character-Driven Story,-0.0456796242266004
PCoA_Dim14,Family Struggles,-0.0455422154997372
PCoA_Dim14,Historical References,-0.045467759280545
PCoA_Dim14,Sad Ending,-0.0451071164692461
PCoA_Dim14,A Group Quest,-0.0449879643227845
PCoA_Dim14,A Police Thriller,0.0442983462666396
PCoA_Dim14,A Sci-Fi Adventure,-0.0440410719298365
PCoA_Dim14,Avarice,-0.0438987081269417
PCoA_Dim14,Deceptive Appearances,0.0435272673323142
PCoA_Dim14,Intricate Costuming,-0.0431078765711663
PCoA_Dim14,Transformative Make-up,0.0429366048018259
PCoA_Dim14,A Sense of Repulsiveness,-0.0425242321983985
PCoA_Dim14,Focus on Asian Culture,0.0418561871141198
PCoA_Dim14,Charming protagonist,-0.0416082184763449
PCoA_Dim14,Use of Heavy Technology,-0.0416068365650625
PCoA_Dim14,Pursuit of Justice,0.0409927215949628
PCoA_Dim14,Relatable Protagonist,0.0403813391098966
PCoA_Dim14,Male Friends and Bonding,0.0394244659166634
PCoA_Dim14,Rivalry,-0.0394024796024495
PCoA_Dim14,Somber atmosphere,0.0384383624298735
PCoA_Dim14,All-ages,0.0382436464584848
PCoA_Dim14,Suspenseful atmosphere,-0.0381992018425595
PCoA_Dim14,Uneasy Characters,0.0380604512475636
PCoA_Dim14,A Adventure Comedy,0.0378446159649411
PCoA_Dim14,To the Rescue,-0.0376484458238596
PCoA_Dim14,Intellectually Stimulating,0.0375619872317547
PCoA_Dim14,A Father's Arc,-0.0371605357930731
PCoA_Dim14,A Lead Worth Cheering For,0.035741915578232
PCoA_Dim14,A Dominant Leader,-0.035016290037014
PCoA_Dim14,A Tech-Centric Narrative,-0.0348816680836588
PCoA_Dim14,The Superhero Prevails,0.0334825157321427
PCoA_Dim14,Island Setting,-0.0333820454868778
PCoA_Dim14,Eerie Score,0.0329807768861671
PCoA_Dim14,History-in-the-making,-0.0328123077182036
PCoA_Dim14,The Hero Dies in This One,-0.0315817573108769
PCoA_Dim14,A Buddy Comedy,0.0314527391592774
PCoA_Dim14,Plot-Centric,-0.0310437005605276
PCoA_Dim14,Rich Visual Cinematography,-0.0302424134515693
PCoA_Dim14,A Late 20th and Early 21st Century Narrative,0.0290252442681312
PCoA_Dim14,Set in the UK,-0.0278745491578501
PCoA_Dim14,Set in Los Angeles,0.0278349946928434
PCoA_Dim14,A Poignant Mood,0.0274157742449168
PCoA_Dim14,Metropolitan story,-0.0273794601395247
PCoA_Dim14,Ominous and Chilling,-0.0273722096120046
PCoA_Dim14,Eccentric Acting,0.0263764638354978
PCoA_Dim14,Predominant Sound Effects,-0.0262405951495407
PCoA_Dim14,Family Restoration,0.0255573166072677
PCoA_Dim14,Set in the American South,-0.0253760560516979
PCoA_Dim14,Use of Shock Elements,0.0253560484152625
PCoA_Dim14,A Feeling of Surprise,-0.0247061268100842
PCoA_Dim14,The Pre-Modern Era,0.0242215769368366
PCoA_Dim14,Natural splendor,-0.0241047719448534
PCoA_Dim14,Relationship Turmoil,-0.0235692816005811
PCoA_Dim14,Dismal and unsettling tone,-0.0233025345559644
PCoA_Dim14,Putting Others Above Oneself,-0.0230303255796069
PCoA_Dim14,Threatening Wildlife,0.0226243827134312
PCoA_Dim14,Stories of Imprisonment,0.0213072453888764
PCoA_Dim14,Dialog-Driven,-0.0201519643978942
PCoA_Dim14,Forest Setting,-0.0186281409012387
PCoA_Dim14,Unexpected Conclusion,0.0183099325951089
PCoA_Dim14,A Focus on Mood,0.0182670482304785
PCoA_Dim14,Sophisticated Visual Effects Integration,-0.0178879723489836
PCoA_Dim14,Intended Fright Response,0.0173848647864138
PCoA_Dim14,Visually Beautiful / Immersive,-0.0167423519873105
PCoA_Dim14,Plot Twists!,0.0164411195185445
PCoA_Dim14,"Positive, Uplifting Emotional Tone",0.0163048891466348
PCoA_Dim14,The Aristocrats,0.0162856818115835
PCoA_Dim14,Comedic Protagonist,-0.016283035480774
PCoA_Dim14,The Underdog Wins,0.0160780506547313
PCoA_Dim14,Good-Versus-Evil Conflict,-0.0137836542642405
PCoA_Dim14,A Wholesome Comedy,0.0134979883853183
PCoA_Dim14,Set in California,0.013401229600925
PCoA_Dim14,Joyful Emotional Expression,0.012829521025539
PCoA_Dim14,Happy Ending,0.0118548654218108
PCoA_Dim14,Nonsensical Comedy,0.0116097202573347
PCoA_Dim14,Hostile Gloom,-0.0115235387924004
PCoA_Dim14,A quest for retribution,0.0113192543688207
PCoA_Dim14,Reveral of Fortune,0.0110199301247518
PCoA_Dim14,Music-led Storytelling,-0.0106820170492278
PCoA_Dim14,Masterful acting,0.0104320783695038
PCoA_Dim14,Polished and cohesive script,0.0100187539946884
PCoA_Dim14,A Crime Thriller,-0.0098063164059915
PCoA_Dim14,Melancholy Atmosphere,0.008831173829669
PCoA_Dim14,A Mainstream Feature,-0.0087711714085242
PCoA_Dim14,Set in America,-0.0075735374133413
PCoA_Dim14,A Friendship Drama,-0.006127655274372
PCoA_Dim14,Extraterrestrial Life,-0.0059447945200122
PCoA_Dim14,Active Narrator Voiceover,-0.0045867205281355
PCoA_Dim14,Positive Emotional Tone,0.0043262368114411
PCoA_Dim14,Unsettling,0.0040726696509564
PCoA_Dim14,Music-Rich,-0.0036115534446746
PCoA_Dim14,Set in India,-0.0029770822073103
PCoA_Dim14,Narrative Originality,0.0028342866701794
PCoA_Dim14,Tender and heartwarming score,-0.0026511287206949
PCoA_Dim14,A Tale of Science,0.0024671155871724
PCoA_Dim14,Brave Protagonist,-0.0024662825003549
PCoA_Dim14,Set in NYC,0.0023052367502815
PCoA_Dim14,Averting the Catastrophe,0.0018733579926998
PCoA_Dim14,A post-2015 narrative,-0.001144370996144
PCoA_Dim14,A Law Enforcement Tale,0.0002910939990148
PCoA_Dim15,Set in Europe,-0.3377289169065846
PCoA_Dim15,Set in America,0.3319599014437741
PCoA_Dim15,Repeated Setbacks,-0.3168066408541269
PCoA_Dim15,Grappling with Mortality,-0.2906007134573205
PCoA_Dim15,Male Friends and Bonding,-0.2709952311720666
PCoA_Dim15,The Fine Arts,0.2568273579875785
PCoA_Dim15,Live Performance Arts,0.2426217498064234
PCoA_Dim15,The Entertainment Industry,0.2289783025120725
PCoA_Dim15,Set in the UK,-0.2190869325966888
PCoA_Dim15,A Tale of Mourning,-0.2184190885001391
PCoA_Dim15,A Focus on Feminism,0.2151836634785688
PCoA_Dim15,Set in California,0.2141241477930353
PCoA_Dim15,Good-Versus-Evil Conflict,0.2135116731675879
PCoA_Dim15,Conquering Adversity,-0.204453688074133
PCoA_Dim15,Set in Los Angeles,0.1959316399074332
PCoA_Dim15,Female-centric narrative,0.1935280726552649
PCoA_Dim15,Losing One's Love,-0.1885464947027519
PCoA_Dim15,Pursuit of Justice,0.18571099759106
PCoA_Dim15,Story With a Focus on Gender,0.1847792316349214
PCoA_Dim15,An Artist's Story,0.1805554500277998
PCoA_Dim15,Set in France,-0.1716586325428232
PCoA_Dim15,Psychological Distress,-0.1711583596679029
PCoA_Dim15,Will-They-Won't-They Relationship,-0.170312813198468
PCoA_Dim15,The Struggle for Survival,-0.1688940645789755
PCoA_Dim15,A Adventure Comedy,-0.165134839054785
PCoA_Dim15,Budding romance,-0.1638850986230928
PCoA_Dim15,A Buddy Comedy,-0.1597387810897513
PCoA_Dim15,Changing Life Direction,-0.1580944052635439
PCoA_Dim15,Intricate Costuming,0.1576872861269913
PCoA_Dim15,Built Around Humor,-0.156184584386443
PCoA_Dim15,A Focus on the Issues,0.1543777878847511
PCoA_Dim15,The Underdog Wins,0.1500668381501851
PCoA_Dim15,Biographical narrative of a historical personality,0.1484418035023263
PCoA_Dim15,Enchanted Creatures and Spells,0.1477957627002398
PCoA_Dim15,A Black Character-Driven Story,0.1469066413486322
PCoA_Dim15,Supernatural Phenomena,0.1466831356336939
PCoA_Dim15,Biopic,0.1448461893609385
PCoA_Dim15,Focus on Culture,0.1435990229409695
PCoA_Dim15,Comedic Protagonist,-0.1428486540766029
PCoA_Dim15,Courtship,-0.1370170047830304
PCoA_Dim15,A Romantic Dramedy,-0.1319738054814961
PCoA_Dim15,A Romantic Drama,-0.1316993453581936
PCoA_Dim15,Situational Humor,-0.1306002933097903
PCoA_Dim15,A Friendship Drama,-0.1300324610254957
PCoA_Dim15,The Hero Dies in This One,-0.1294109495432241
PCoA_Dim15,Music-led Storytelling,0.1283877251297013
PCoA_Dim15,Transformative Make-up,0.1282404227877322
PCoA_Dim15,Friends Against the Odds,-0.1258510938513396
PCoA_Dim15,Set in NYC,0.1237105927151205
PCoA_Dim15,Uneasy Characters,-0.1219695456333814
PCoA_Dim15,A Detective Story,0.121919863993409
PCoA_Dim15,Nonsensical Comedy,-0.121146727682906
PCoA_Dim15,Music-Rich,0.1203914457730429
PCoA_Dim15,Female Friends and Bonding,0.1195930443243011
PCoA_Dim15,A Mother's Arc,0.1192271285916671
PCoA_Dim15,Natural splendor,-0.1163732856490816
PCoA_Dim15,Flawed Protagonist,-0.1160517797504836
PCoA_Dim15,Heavy Impact of the Soundtrack,0.1136880056841479
PCoA_Dim15,A Heterosexual Relationship,-0.1105724842660857
PCoA_Dim15,A Police Thriller,0.1100285879153696
PCoA_Dim15,The Post-War Era,0.1092440914876638
PCoA_Dim15,Coming-of-Age Tale,0.1088165347535397
PCoA_Dim15,A fantastical realm,0.1082692301981974
PCoA_Dim15,A Tale of Wartime,-0.1070915087420771
PCoA_Dim15,Relationship Turmoil,-0.1059711467670502
PCoA_Dim15,A Group Quest,-0.1047639793264092
PCoA_Dim15,Sad Ending,-0.1026768927921928
PCoA_Dim15,Averting the Catastrophe,0.1021307400564826
PCoA_Dim15,Brave Protagonist,0.1018683831200739
PCoA_Dim15,Metropolitan story,0.1008409026683427
PCoA_Dim15,"Hardship, Loss, and Healing",-0.0956777310949966
PCoA_Dim15,"Dangerous, Risky Behaviors",-0.0953913047374546
PCoA_Dim15,A Poignant Mood,-0.0953004244345685
PCoA_Dim15,Going after the MacGuffin,-0.0944386275119472
PCoA_Dim15,Psychological challenges,-0.094052604819841
PCoA_Dim15,A Whodunnit,0.0923038271114819
PCoA_Dim15,Parent-Child Narrative,0.0916355061809711
PCoA_Dim15,Psychological Horror,0.0910809374980223
PCoA_Dim15,Emotionally Withdrawn Protagonist,-0.091077014414754
PCoA_Dim15,Romantic Triangle,-0.0900885823448623
PCoA_Dim15,A Spy Thriller,-0.0878131547601564
PCoA_Dim15,Religious themes,0.0875416781958532
PCoA_Dim15,Alternative Reality,0.0874161962547065
PCoA_Dim15,Set in the American South,0.0855250789655462
PCoA_Dim15,Character-Driven,-0.0854904667906816
PCoA_Dim15,Philosophical or Intellectual Exploration,0.0839670923980693
PCoA_Dim15,High Medieval Fantasy,0.0832414804030986
PCoA_Dim15,The Hero's Journey,0.0824559900246826
PCoA_Dim15,Island Setting,-0.0820473585748452
PCoA_Dim15,Family-devoted Protagonist,0.0816417849668504
PCoA_Dim15,The Villian's Story,0.0812579015167733
PCoA_Dim15,A Dominant Leader,0.0809244841069726
PCoA_Dim15,To the Rescue,-0.0792554046893452
PCoA_Dim15,Reveral of Fortune,-0.0791599676657253
PCoA_Dim15,The Superhero Prevails,0.0784270780547289
PCoA_Dim15,Somber and Eerie Tone,0.0780512205694558
PCoA_Dim15,A quest for retribution,0.0779033030842967
PCoA_Dim15,Genius Protagonist,0.0775162241222064
PCoA_Dim15,Confronting One's Shadow,-0.0766544507202958
PCoA_Dim15,Political narrative,0.0753956452082694
PCoA_Dim15,A Focus on Mood,-0.0751937123927605
PCoA_Dim15,Predominant Sound Effects,-0.0745844941758497
PCoA_Dim15,Cloak-and-Dagger ,-0.074563728507442
PCoA_Dim15,Societal Decline,0.0739372343594501
PCoA_Dim15,Ghosts,0.0731986388874685
PCoA_Dim15,Melancholy Atmosphere,-0.073075078070528
PCoA_Dim15,Disadvantaged Social Class,0.0721160601831279
PCoA_Dim15,Narrative Originality,0.0707975782051797
PCoA_Dim15,Unexpected Conclusion,-0.0700515568712804
PCoA_Dim15,Positive Emotional Tone,-0.0700032361999416
PCoA_Dim15,A Crime Thriller,0.0693009737042018
PCoA_Dim15,A Law Enforcement Tale,0.0690901898105345
PCoA_Dim15,Psychologically Unstable Protagonist,-0.06787790977864
PCoA_Dim15,Eerie Score,0.0677925742107312
PCoA_Dim15,Brothers or Sisters,0.0652548310059734
PCoA_Dim15,Elegant Dialog and Screenplay,0.0652142518601682
PCoA_Dim15,Heavy Gunplay,-0.0643488406407445
PCoA_Dim15,Intricate Stunts,-0.0642471542480978
PCoA_Dim15,Moral Temptation,-0.0641669440386483
PCoA_Dim15,Focus on Asian Culture,0.0639311490065216
PCoA_Dim15,Violent Crimes,0.0636583909610049
PCoA_Dim15,Joyful Emotional Expression,-0.0635439778615591
PCoA_Dim15,A Wholesome Comedy,-0.0631624708226675
PCoA_Dim15,Tender and heartwarming score,-0.0613493215610264
PCoA_Dim15,Plot Twists!,-0.061274228632715
PCoA_Dim15,Perilous Liaison,-0.0600673643396498
PCoA_Dim15,Fast-paced,-0.0594505348393825
PCoA_Dim15,Dialog-Driven,-0.0585660898434939
PCoA_Dim15,Formative hardships,0.0585627640164915
PCoA_Dim15,Mid-20th Century Narrative ,-0.0576190229650353
PCoA_Dim15,A Formidable Challenge,-0.0569271100143451
PCoA_Dim15,Real-world satire,-0.0567253642580845
PCoA_Dim15,Act of treachery,0.0563159633246167
PCoA_Dim15,A Tale of Science,-0.0535653125041656
PCoA_Dim15,Dry Humor Dialogue,-0.0534969386645982
PCoA_Dim15,Childhood Narrative,0.0529217846140914
PCoA_Dim15,A Feeling of Surprise,-0.0524522790159413
PCoA_Dim15,Forest Setting,-0.0521156263217183
PCoA_Dim15,Neighborhood story,0.051772138606909
PCoA_Dim15,"Positive, Uplifting Emotional Tone",-0.0508321152864759
PCoA_Dim15,Feel-Good Narrative,-0.0496230206346651
PCoA_Dim15,Family Restoration,-0.0494913806012772
PCoA_Dim15,an early life drama,0.0494228164345666
PCoA_Dim15,Moral Redemption,-0.0489666761117448
PCoA_Dim15,Energetic Emotional Tone,-0.0488619393168341
PCoA_Dim15,Moral Conflict,-0.0482925011378562
PCoA_Dim15,Psychological Manipulation,0.0468903621173286
PCoA_Dim15,Moral Exploration,0.0443813703225848
PCoA_Dim15,Psychological Crime,0.0435816470040705
PCoA_Dim15,A Mainstream Feature,-0.042376191806409
PCoA_Dim15,Rivalry,0.0421296734186843
PCoA_Dim15,Risky Gambit,-0.0413495263784757
PCoA_Dim15,A Family Drama,0.0413099810336221
PCoA_Dim15,Spirit-Stirring,0.0410185541165029
PCoA_Dim15,A Sci-Fi Adventure,-0.04072487002415
PCoA_Dim15,Classic Fall-Rise Plot Arc,-0.0406855197597786
PCoA_Dim15,The Unraveling of Trust,0.0394932083247311
PCoA_Dim15,Rural Story,-0.0392209641402492
PCoA_Dim15,The Aristocrats,0.0386165494743253
PCoA_Dim15,Self Discovery,-0.0380590425659716
PCoA_Dim15,A Futuristic Thriller,-0.0376719807168202
PCoA_Dim15,A Science Thriller,-0.0369546309024732
PCoA_Dim15,A Tech-Centric Narrative,-0.036705097781159
PCoA_Dim15,Use of non-linear flashbacks,-0.0363194091769443
PCoA_Dim15,Unconventional directorial approach,0.036218097651851
PCoA_Dim15,Sophisticated Visual Effects Integration,-0.0355230721422189
PCoA_Dim15,Affluent Social Class,0.0349781901089689
PCoA_Dim15,Threatening Wildlife,-0.0346636779430097
PCoA_Dim15,A village story,0.0344906676757663
PCoA_Dim15,Unsettling,0.0343123225739142
PCoA_Dim15,A post-2015 narrative,-0.0330794634024187
PCoA_Dim15,Use of Animated CGI,-0.0330362734175309
PCoA_Dim15,Explicit Violence and Goriness,-0.0330138601433341
PCoA_Dim15,Hostile Gloom,0.0319916302830416
PCoA_Dim15,Charming protagonist,0.0313227634282149
PCoA_Dim15,Psychological Suspense,0.0311895912702048
PCoA_Dim15,"Raw, Unfiltered Dialog",-0.0311131495145202
PCoA_Dim15,Coming of Age,0.0310531182008872
PCoA_Dim15,Intellectually Stimulating,0.0307111690353048
PCoA_Dim15,Heartfelt and Hopeful,-0.0301019778983624
PCoA_Dim15,Positive and Sentimental,-0.0298595108640645
PCoA_Dim15,Profound Amazement,0.0298287987691409
PCoA_Dim15,Use of Heavy Technology,-0.0295465236663402
PCoA_Dim15,Putting Others Above Oneself,-0.0295104160211679
PCoA_Dim15,A Life Story,0.0294085648129707
PCoA_Dim15,Historical References,0.0291074243372262
PCoA_Dim15,The Pre-Modern Era,0.0290503349551164
PCoA_Dim15,Visceral Cinematography,-0.0280640639180998
PCoA_Dim15,Somber atmosphere,-0.0275522215731668
PCoA_Dim15,Relatable Protagonist,0.0272950936718597
PCoA_Dim15,The Great Chase,-0.0272435343819792
PCoA_Dim15,Avarice,0.0271722483266227
PCoA_Dim15,Criminal Underbelly,-0.0255653985109115
PCoA_Dim15,Signature directorial style,0.0239620301366341
PCoA_Dim15,High-end effects,-0.0239096778813125
PCoA_Dim15,Childhood Bonds,-0.0235135565110886
PCoA_Dim15,Stories of Imprisonment,0.0233384622604448
PCoA_Dim15,Intended Fright Response,0.0223678265140904
PCoA_Dim15,A Lead Worth Cheering For,-0.0223335681369592
PCoA_Dim15,Plot-Centric,-0.0221148021018552
PCoA_Dim15,Set in Japan,0.0211308935694746
PCoA_Dim15,A Lead with Expertise,0.0202207046906155
PCoA_Dim15,Happy Ending,0.0196960162842496
PCoA_Dim15,A Late 20th and Early 21st Century Narrative,0.0188314354856183
PCoA_Dim15,Young Adventurers,0.0181475873181095
PCoA_Dim15,Set in Asia,-0.0169136053986379
PCoA_Dim15,A Black & White,-0.0167441839819158
PCoA_Dim15,An Asian-Driven Story,0.0159212449652491
PCoA_Dim15,Innocent protagonist,-0.0154761423473068
PCoA_Dim15,Set in the Future,-0.0147893447349525
PCoA_Dim15,Eccentric Acting,0.0146401432977469
PCoA_Dim15,History-in-the-making,0.0139617830398762
PCoA_Dim15,All-ages,0.0137507001450055
PCoA_Dim15,Melee Combat,-0.013492660985662
PCoA_Dim15,Polished and cohesive script,-0.013195152959971
PCoA_Dim15,A Father's Arc,-0.0130661642501677
PCoA_Dim15,Active Narrator Voiceover,-0.0122749775545746
PCoA_Dim15,Talking Animals,-0.0113817725273385
PCoA_Dim15,Picture of Idealic Family Life,0.0112891789360969
PCoA_Dim15,Advanced Cinematography and Edit Work,-0.0111070054144973
PCoA_Dim15,A Comic Fantasy,-0.0105682448683513
PCoA_Dim15,Family Struggles,0.0104134891529995
PCoA_Dim15,Use of Shock Elements,-0.0100005753698571
PCoA_Dim15,A Sports Setting,-0.0099615267563081
PCoA_Dim15,Dismal and unsettling tone,0.0097036513259845
PCoA_Dim15,Masterful acting,-0.0096062999310655
PCoA_Dim15,Set in India,-0.0091525054713703
PCoA_Dim15,A Tidy Ending,-0.0091414208176195
PCoA_Dim15,Set is East Asia,0.0091292704206398
PCoA_Dim15,Profound & Reflective,-0.0088356617506355
PCoA_Dim15,About a Family,0.0078977350578467
PCoA_Dim15,Deliberate Visual Authorship,-0.0078645082237947
PCoA_Dim15,A Sense of Repulsiveness,0.0073575344908301
PCoA_Dim15,Deceptive Appearances,0.006838082439016
PCoA_Dim15,Dystopian,-0.0066309020155995
PCoA_Dim15,Dark or Caustic Wit,0.0062507293260205
PCoA_Dim15,A Relentless Chase,0.005140257400284
PCoA_Dim15,Ominous and Chilling,-0.004340409819649
PCoA_Dim15,Suspenseful atmosphere,0.003747877819869
PCoA_Dim15,A Stock Story,-0.0033049155279419
PCoA_Dim15,Rich Visual Cinematography,0.0028359813785965
PCoA_Dim15,Heightened Tension,-0.0026927201312122
PCoA_Dim15,Direction-Driven,-0.0019557382076451
PCoA_Dim15,Predominant Set Design,-0.0016681639797646
PCoA_Dim15,Extraterrestrial Life,0.0015829988048801
PCoA_Dim15,Narrative Driven by the Context,-0.0015800542255282
PCoA_Dim15,Visually Beautiful / Immersive,-0.0007853568140399
PCoA_Dim16,A Black & White,0.2425146716122996
PCoA_Dim16,All-ages,0.2227627622872812
PCoA_Dim16,An Artist's Story,-0.2211222994547942
PCoA_Dim16,The Fine Arts,-0.2199808154257844
PCoA_Dim16,A Police Thriller,0.2156489543033707
PCoA_Dim16,A Late 20th and Early 21st Century Narrative,-0.210430176785703
PCoA_Dim16,The Entertainment Industry,-0.2025849327560467
PCoA_Dim16,Joyful Emotional Expression,0.2025332084418234
PCoA_Dim16,Plot Twists!,-0.2015828260995738
PCoA_Dim16,Female Friends and Bonding,-0.2003821915345566
PCoA_Dim16,Reveral of Fortune,-0.1991043268987862
PCoA_Dim16,Coming-of-Age Tale,-0.1987553458573547
PCoA_Dim16,Hostile Gloom,0.1966524936728847
PCoA_Dim16,Talking Animals,0.1957868418619864
PCoA_Dim16,Dry Humor Dialogue,-0.1913558575576093
PCoA_Dim16,Dark or Caustic Wit,-0.1911573960448206
PCoA_Dim16,Positive Emotional Tone,0.1866350916891612
PCoA_Dim16,"Positive, Uplifting Emotional Tone",0.1858750997556736
PCoA_Dim16,Use of Animated CGI,0.1822228471762631
PCoA_Dim16,Real-world satire,-0.1796585695831407
PCoA_Dim16,Biopic,-0.1790451306356831
PCoA_Dim16,A Law Enforcement Tale,0.1784546262989562
PCoA_Dim16,A Feeling of Surprise,-0.1773045525617825
PCoA_Dim16,Use of Shock Elements,-0.1750907569665745
PCoA_Dim16,Live Performance Arts,-0.1740694362586926
PCoA_Dim16,Biographical narrative of a historical personality,-0.1709982494193722
PCoA_Dim16,A Wholesome Comedy,0.1701926782083259
PCoA_Dim16,Somber atmosphere,0.1682956837714687
PCoA_Dim16,Moral Exploration,0.1679069660955665
PCoA_Dim16,Melancholy Atmosphere,0.1669769893531584
PCoA_Dim16,Coming of Age,-0.1626669735138108
PCoA_Dim16,Moral Conflict,0.1611573352261879
PCoA_Dim16,Psychological Crime,0.1589997705898098
PCoA_Dim16,Formative hardships,-0.1584691457468842
PCoA_Dim16,A Focus on Feminism,-0.1570254780283864
PCoA_Dim16,Natural splendor,0.1557997928189936
PCoA_Dim16,Fast-paced,-0.1544421069302251
PCoA_Dim16,Pursuit of Justice,0.1538553300069422
PCoA_Dim16,Emotionally Withdrawn Protagonist,0.1527490097314304
PCoA_Dim16,Disadvantaged Social Class,0.152449433166707
PCoA_Dim16,Supernatural Phenomena,-0.1521359811525738
PCoA_Dim16,Female-centric narrative,-0.1502334728367153
PCoA_Dim16,A Focus on the Issues,0.1501302255501648
PCoA_Dim16,Deceptive Appearances,-0.1486567468547691
PCoA_Dim16,Sophisticated Visual Effects Integration,-0.1481047063650103
PCoA_Dim16,Set in the Future,0.1453914857877177
PCoA_Dim16,Tender and heartwarming score,0.1440405855686283
PCoA_Dim16,"Dangerous, Risky Behaviors",-0.1433929917927683
PCoA_Dim16,Feel-Good Narrative,0.1415080472183047
PCoA_Dim16,Heartfelt and Hopeful,0.1409518253798702
PCoA_Dim16,High-end effects,-0.139519126404404
PCoA_Dim16,Childhood Bonds,-0.1392471712394454
PCoA_Dim16,Ghosts,-0.1355794316398985
PCoA_Dim16,Repeated Setbacks,-0.1343900910299335
PCoA_Dim16,A Crime Thriller,0.1335091540440778
PCoA_Dim16,The Post-War Era,0.1300756737195561
PCoA_Dim16,Set in the UK,-0.1294195849901505
PCoA_Dim16,Societal Decline,0.1293475620875747
PCoA_Dim16,Violent Crimes,0.1265474340297224
PCoA_Dim16,Unexpected Conclusion,-0.1243739513233869
PCoA_Dim16,Childhood Narrative,-0.123631146867284
PCoA_Dim16,Rural Story,0.1229420341050885
PCoA_Dim16,Set in Europe,-0.1222756128511155
PCoA_Dim16,an early life drama,-0.1203774635287731
PCoA_Dim16,Conquering Adversity,-0.1199042332168526
PCoA_Dim16,Use of non-linear flashbacks,-0.1184312387087197
PCoA_Dim16,The Struggle for Survival,-0.1173735496921966
PCoA_Dim16,A Detective Story,0.1162003248976523
PCoA_Dim16,A Spy Thriller,-0.1144105744238899
PCoA_Dim16,A Formidable Challenge,-0.1140054033490388
PCoA_Dim16,Cloak-and-Dagger ,-0.113825675753875
PCoA_Dim16,Intended Fright Response,-0.1128190312953823
PCoA_Dim16,A Life Story,-0.1111369006072358
PCoA_Dim16,Family Struggles,-0.1106563338918878
PCoA_Dim16,Situational Humor,-0.1100808933547129
PCoA_Dim16,A Sci-Fi Adventure,0.1091693440674981
PCoA_Dim16,Polished and cohesive script,0.1085042193441579
PCoA_Dim16,A village story,0.1081116867842018
PCoA_Dim16,Dismal and unsettling tone,0.1072045335058648
PCoA_Dim16,A Focus on Mood,0.1071020313858077
PCoA_Dim16,Energetic Emotional Tone,-0.1032915160173855
PCoA_Dim16,Positive and Sentimental,0.1027605849403965
PCoA_Dim16,A Friendship Drama,-0.1015932707072729
PCoA_Dim16,Dystopian,0.1013372023380716
PCoA_Dim16,A Group Quest,-0.1008823229125119
PCoA_Dim16,Profound & Reflective,0.0997060289191289
PCoA_Dim16,History-in-the-making,-0.098978641329831
PCoA_Dim16,Narrative Driven by the Context,0.0984215565787874
PCoA_Dim16,Story With a Focus on Gender,-0.0982773190875029
PCoA_Dim16,Uneasy Characters,-0.0981585985289892
PCoA_Dim16,Spirit-Stirring,0.0979584400322438
PCoA_Dim16,Visually Beautiful / Immersive,0.0964657860556802
PCoA_Dim16,Intricate Stunts,-0.0958458822200205
PCoA_Dim16,Intellectually Stimulating,0.0956469529526347
PCoA_Dim16,Profound Amazement,0.095020234421953
PCoA_Dim16,A Mother's Arc,-0.0946114294838811
PCoA_Dim16,Courtship,0.0941681700176018
PCoA_Dim16,Transformative Make-up,-0.0921162760531832
PCoA_Dim16,Historical References,-0.0909622125859822
PCoA_Dim16,The Underdog Wins,-0.0901082324506126
PCoA_Dim16,A Tidy Ending,0.088515772076636
PCoA_Dim16,Male Friends and Bonding,-0.0869979132444703
PCoA_Dim16,A Science Thriller,0.0865959655044729
PCoA_Dim16,Grappling with Mortality,-0.0855002633385079
PCoA_Dim16,A Heterosexual Relationship,0.08540036753632
PCoA_Dim16,Deliberate Visual Authorship,0.0849483236065472
PCoA_Dim16,Picture of Idealic Family Life,0.0827570537022278
PCoA_Dim16,A Lead with Expertise,-0.0820670214886693
PCoA_Dim16,Nonsensical Comedy,-0.0820253484185501
PCoA_Dim16,A Futuristic Thriller,0.080654498000687
PCoA_Dim16,A Tale of Science,0.0806138018139918
PCoA_Dim16,Psychological Suspense,0.080215510767922
PCoA_Dim16,Metropolitan story,0.0791338727149572
PCoA_Dim16,Good-Versus-Evil Conflict,0.0788578389343836
PCoA_Dim16,Neighborhood story,-0.0769660732255626
PCoA_Dim16,A Stock Story,0.0764569096867596
PCoA_Dim16,Set in America,0.0726266505851653
PCoA_Dim16,Unconventional directorial approach,-0.0724595893848847
PCoA_Dim16,Happy Ending,0.0723674655956729
PCoA_Dim16,Set in NYC,0.0722938999715776
PCoA_Dim16,Risky Gambit,-0.0721178880445691
PCoA_Dim16,Will-They-Won't-They Relationship,0.0712068360124589
PCoA_Dim16,A post-2015 narrative,-0.0692607305017818
PCoA_Dim16,Intricate Costuming,-0.0685908460308755
PCoA_Dim16,Avarice,0.0685898804939774
PCoA_Dim16,Rich Visual Cinematography,0.0676716484932451
PCoA_Dim16,Psychologically Unstable Protagonist,0.066315905360063
PCoA_Dim16,Unsettling,0.0645753360338607
PCoA_Dim16,Genius Protagonist,-0.0636726138584126
PCoA_Dim16,Heavy Impact of the Soundtrack,-0.0632071977906466
PCoA_Dim16,A Romantic Drama,0.062162948909801
PCoA_Dim16,The Villian's Story,0.0617246223438485
PCoA_Dim16,Heavy Gunplay,0.061131757909588
PCoA_Dim16,Psychological Distress,-0.0607037298971491
PCoA_Dim16,Criminal Underbelly,0.0603558915177609
PCoA_Dim16,Relationship Turmoil,-0.0599186945457693
PCoA_Dim16,Philosophical or Intellectual Exploration,0.0594716341444224
PCoA_Dim16,Eccentric Acting,-0.0593724288762647
PCoA_Dim16,Built Around Humor,-0.0584526227377425
PCoA_Dim16,Sad Ending,0.0580970751486195
PCoA_Dim16,A Tale of Mourning,-0.0571261142906221
PCoA_Dim16,Brothers or Sisters,-0.0571094080905947
PCoA_Dim16,Extraterrestrial Life,0.0570368154993722
PCoA_Dim16,Budding romance,0.0552939420016251
PCoA_Dim16,A Tale of Wartime,-0.0546564968509588
PCoA_Dim16,Narrative Originality,-0.0532120453042932
PCoA_Dim16,A Whodunnit,0.0530444055436175
PCoA_Dim16,Moral Redemption,0.0529498097682043
PCoA_Dim16,A Poignant Mood,-0.0519551863542363
PCoA_Dim16,Predominant Sound Effects,-0.0511823508965913
PCoA_Dim16,A Lead Worth Cheering For,-0.0510487219566878
PCoA_Dim16,Forest Setting,0.0493564445656261
PCoA_Dim16,Music-led Storytelling,0.0487091051307558
PCoA_Dim16,A Tech-Centric Narrative,0.0480273158321073
PCoA_Dim16,Innocent protagonist,-0.0470175138885665
PCoA_Dim16,Elegant Dialog and Screenplay,-0.0469164516381927
PCoA_Dim16,Heightened Tension,-0.0462358706834435
PCoA_Dim16,Eerie Score,-0.0460614505526103
PCoA_Dim16,Mid-20th Century Narrative ,0.0448672623729394
PCoA_Dim16,Romantic Triangle,0.0440336740599728
PCoA_Dim16,Set in France,-0.0440309386017898
PCoA_Dim16,Stories of Imprisonment,0.0438061919570363
PCoA_Dim16,Comedic Protagonist,-0.0435585448173272
PCoA_Dim16,Alternative Reality,0.0426575172468212
PCoA_Dim16,Losing One's Love,-0.0418827192444191
PCoA_Dim16,Predominant Set Design,0.041587713112795
PCoA_Dim16,Moral Temptation,0.0412586459585033
PCoA_Dim16,A Relentless Chase,0.0409087345626573
PCoA_Dim16,"Hardship, Loss, and Healing",-0.0404082554523991
PCoA_Dim16,Family Restoration,-0.0395353566543949
PCoA_Dim16,Going after the MacGuffin,-0.0395037748748377
PCoA_Dim16,Active Narrator Voiceover,-0.0391873084003869
PCoA_Dim16,A Father's Arc,0.0383176346152761
PCoA_Dim16,About a Family,-0.0367336193861155
PCoA_Dim16,Religious themes,0.0354452322850568
PCoA_Dim16,Set in Japan,0.0352161481911424
PCoA_Dim16,Psychological Manipulation,-0.0351838442192161
PCoA_Dim16,Parent-Child Narrative,-0.0348577890852792
PCoA_Dim16,Political narrative,-0.0340259002054489
PCoA_Dim16,A Romantic Dramedy,0.033849459713704
PCoA_Dim16,A quest for retribution,0.0318220959528836
PCoA_Dim16,A Black Character-Driven Story,-0.031412654039143
PCoA_Dim16,A Sports Setting,-0.0308800714839204
PCoA_Dim16,A Comic Fantasy,0.0296479417653183
PCoA_Dim16,A Family Drama,-0.0296386890743624
PCoA_Dim16,Visceral Cinematography,-0.0288129240425852
PCoA_Dim16,Enchanted Creatures and Spells,-0.0286106698355064
PCoA_Dim16,Perilous Liaison,0.0282730240959722
PCoA_Dim16,A Mainstream Feature,0.0281444022030661
PCoA_Dim16,Psychological challenges,-0.0278794368865928
PCoA_Dim16,Self Discovery,-0.0277554609925548
PCoA_Dim16,The Hero Dies in This One,-0.0276139622188552
PCoA_Dim16,Flawed Protagonist,0.0274248973744744
PCoA_Dim16,Character-Driven,0.0271412716671042
PCoA_Dim16,Relatable Protagonist,-0.0269715286490023
PCoA_Dim16,Set in the American South,0.0265365763580638
PCoA_Dim16,Classic Fall-Rise Plot Arc,-0.0257970343551496
PCoA_Dim16,Advanced Cinematography and Edit Work,-0.0256781273168513
PCoA_Dim16,Dialog-Driven,-0.0254799138402641
PCoA_Dim16,The Hero's Journey,-0.0253970266686577
PCoA_Dim16,A Sense of Repulsiveness,0.0253074730424401
PCoA_Dim16,Brave Protagonist,-0.0250328294026289
PCoA_Dim16,A fantastical realm,0.0248049671583392
PCoA_Dim16,Psychological Horror,-0.0243430449012243
PCoA_Dim16,Confronting One's Shadow,0.0242177995724138
PCoA_Dim16,Explicit Violence and Goriness,-0.0232950236049148
PCoA_Dim16,Plot-Centric,-0.0226909200239776
PCoA_Dim16,The Unraveling of Trust,0.0223785806878247
PCoA_Dim16,A Adventure Comedy,-0.0215654170678196
PCoA_Dim16,Ominous and Chilling,0.021188015625018
PCoA_Dim16,Island Setting,0.0199977856636789
PCoA_Dim16,High Medieval Fantasy,0.0195724386288742
PCoA_Dim16,Rivalry,0.0189479427161521
PCoA_Dim16,An Asian-Driven Story,-0.0183645127408189
PCoA_Dim16,Melee Combat,0.017768767409873
PCoA_Dim16,Direction-Driven,0.0171631716386429
PCoA_Dim16,Use of Heavy Technology,0.0168945550430794
PCoA_Dim16,A Buddy Comedy,-0.0168390237155415
PCoA_Dim16,Changing Life Direction,-0.0163537953271286
PCoA_Dim16,Act of treachery,0.0153671597821092
PCoA_Dim16,"Raw, Unfiltered Dialog",0.0150493823764404
PCoA_Dim16,The Superhero Prevails,0.0150115106759361
PCoA_Dim16,Music-Rich,0.0141640672798409
PCoA_Dim16,Masterful acting,-0.0137543870132816
PCoA_Dim16,Set in Asia,-0.0126894602903038
PCoA_Dim16,A Dominant Leader,0.0125087954463215
PCoA_Dim16,Young Adventurers,0.0115448545211886
PCoA_Dim16,Charming protagonist,0.0106375084508047
PCoA_Dim16,Suspenseful atmosphere,0.0102328734637787
PCoA_Dim16,Set in Los Angeles,-0.0101730984126519
PCoA_Dim16,Set in India,0.0095423868489432
PCoA_Dim16,Somber and Eerie Tone,0.009481840020517
PCoA_Dim16,Affluent Social Class,-0.0092597742948922
PCoA_Dim16,Putting Others Above Oneself,0.0092012244603754
PCoA_Dim16,The Pre-Modern Era,0.0091283450194225
PCoA_Dim16,Focus on Asian Culture,-0.0087058663035005
PCoA_Dim16,The Aristocrats,0.0078637260766503
PCoA_Dim16,Signature directorial style,0.0077833097384465
PCoA_Dim16,Set is East Asia,-0.0074932583594943
PCoA_Dim16,To the Rescue,0.0072077326352356
PCoA_Dim16,Friends Against the Odds,0.0065244849191037
PCoA_Dim16,The Great Chase,-0.0059722796743029
PCoA_Dim16,Focus on Culture,0.0057257228671096
PCoA_Dim16,Threatening Wildlife,0.0051368103514683
PCoA_Dim16,Averting the Catastrophe,0.0031221129384115
PCoA_Dim16,Family-devoted Protagonist,-0.0009538522422867
PCoA_Dim16,Set in California,4.378243424578493e-05
PCoA_Dim17,Set in America,-0.3704379068317503
PCoA_Dim17,Live Performance Arts,0.2899940352888739
PCoA_Dim17,The Fine Arts,0.2732217374555011
PCoA_Dim17,A Focus on Feminism,0.2699060601355075
PCoA_Dim17,Supernatural Phenomena,-0.2557483970915047
PCoA_Dim17,Set in Europe,0.2536470833461162
PCoA_Dim17,An Artist's Story,0.2480608676311199
PCoA_Dim17,The Entertainment Industry,0.2401733101960015
PCoA_Dim17,Female-centric narrative,0.2389313557922564
PCoA_Dim17,Enchanted Creatures and Spells,-0.2095847469738526
PCoA_Dim17,Psychologically Unstable Protagonist,0.1945273099799567
PCoA_Dim17,Story With a Focus on Gender,0.1888735374825894
PCoA_Dim17,Female Friends and Bonding,0.1776912422384273
PCoA_Dim17,Stories of Imprisonment,0.1774887131448129
PCoA_Dim17,Male Friends and Bonding,-0.1746296553002355
PCoA_Dim17,Melee Combat,0.1699234319215138
PCoA_Dim17,Set in the UK,0.1687972482616232
PCoA_Dim17,Dialog-Driven,-0.1679855331734743
PCoA_Dim17,Ghosts,-0.1677252658266073
PCoA_Dim17,A village story,-0.161236793901763
PCoA_Dim17,Reveral of Fortune,-0.1584850130988772
PCoA_Dim17,Heavy Impact of the Soundtrack,0.1538395068153773
PCoA_Dim17,Explicit Violence and Goriness,0.1521538162365354
PCoA_Dim17,A post-2015 narrative,0.1520131810390994
PCoA_Dim17,Hostile Gloom,0.1502409802416016
PCoA_Dim17,Historical References,-0.1460121360422929
PCoA_Dim17,Elegant Dialog and Screenplay,-0.1448392658750109
PCoA_Dim17,Mid-20th Century Narrative ,-0.1447450065696603
PCoA_Dim17,Deceptive Appearances,-0.1444763707364723
PCoA_Dim17,Set in the Future,0.1430810980374483
PCoA_Dim17,A Late 20th and Early 21st Century Narrative,-0.1414448931534534
PCoA_Dim17,A Black & White,-0.1398872717784289
PCoA_Dim17,Plot Twists!,-0.1383091021896566
PCoA_Dim17,Violent Crimes,0.1365655799603481
PCoA_Dim17,Putting Others Above Oneself,-0.1361262211707719
PCoA_Dim17,Religious themes,-0.1348250005078393
PCoA_Dim17,Set in France,0.1342538347941702
PCoA_Dim17,History-in-the-making,-0.1312249418710224
PCoA_Dim17,Dystopian,0.1307600893029799
PCoA_Dim17,Heavy Gunplay,0.1300153007642934
PCoA_Dim17,Music-Rich,0.1272894540858919
PCoA_Dim17,A Crime Thriller,0.1270955727492538
PCoA_Dim17,A Poignant Mood,-0.127039959954436
PCoA_Dim17,Set in the American South,-0.1260652767746707
PCoA_Dim17,Criminal Underbelly,0.1248902257165193
PCoA_Dim17,A Tale of Wartime,-0.1226274947998252
PCoA_Dim17,Psychological challenges,0.1223041269426916
PCoA_Dim17,A Whodunnit,-0.1219335449758545
PCoA_Dim17,Joyful Emotional Expression,0.1218224944982705
PCoA_Dim17,A quest for retribution,0.1207371436999191
PCoA_Dim17,Unsettling,0.1204751628255455
PCoA_Dim17,Unexpected Conclusion,-0.1189683445126275
PCoA_Dim17,A fantastical realm,-0.1185514494592784
PCoA_Dim17,Psychological Crime,0.1168484133728427
PCoA_Dim17,"Dangerous, Risky Behaviors",0.114167769237698
PCoA_Dim17,Positive Emotional Tone,0.1141298393123221
PCoA_Dim17,Set in California,-0.1132899808472062
PCoA_Dim17,Disadvantaged Social Class,0.1084557710749287
PCoA_Dim17,Rural Story,-0.1078970007262704
PCoA_Dim17,Moral Conflict,-0.1075099926425386
PCoA_Dim17,"Positive, Uplifting Emotional Tone",0.1045983974736117
PCoA_Dim17,Moral Temptation,-0.1039384952402836
PCoA_Dim17,High Medieval Fantasy,-0.1038934472493845
PCoA_Dim17,A Relentless Chase,0.1037089224801922
PCoA_Dim17,A Sense of Repulsiveness,0.1035995332036235
PCoA_Dim17,Set in NYC,-0.1002697645817382
PCoA_Dim17,Neighborhood story,-0.0977268132813212
PCoA_Dim17,A Tech-Centric Narrative,0.096402015406272
PCoA_Dim17,Energetic Emotional Tone,0.0953994131761194
PCoA_Dim17,Fast-paced,0.0949948984419318
PCoA_Dim17,Dismal and unsettling tone,0.0947694613794614
PCoA_Dim17,"Raw, Unfiltered Dialog",0.0930815520450679
PCoA_Dim17,Emotionally Withdrawn Protagonist,0.0913728752437455
PCoA_Dim17,Threatening Wildlife,-0.0903732438068431
PCoA_Dim17,A Mainstream Feature,-0.0886490065796268
PCoA_Dim17,Music-led Storytelling,0.0881558081812169
PCoA_Dim17,Moral Exploration,-0.087893266714496
PCoA_Dim17,Dry Humor Dialogue,-0.0875865713441839
PCoA_Dim17,Use of Heavy Technology,0.0856857263902667
PCoA_Dim17,Will-They-Won't-They Relationship,-0.0846445203760818
PCoA_Dim17,A Feeling of Surprise,-0.0845285078332179
PCoA_Dim17,A Futuristic Thriller,0.0841236782450082
PCoA_Dim17,A Science Thriller,0.0838599975292193
PCoA_Dim17,A Wholesome Comedy,0.0833756660123222
PCoA_Dim17,The Pre-Modern Era,-0.0824371226322424
PCoA_Dim17,Use of Shock Elements,-0.0816911242782576
PCoA_Dim17,Active Narrator Voiceover,-0.0815831896712463
PCoA_Dim17,Natural splendor,-0.0815058905997583
PCoA_Dim17,Psychological Suspense,0.0810047117003443
PCoA_Dim17,Use of Animated CGI,0.0809842558764799
PCoA_Dim17,All-ages,0.0806765676680984
PCoA_Dim17,A Detective Story,-0.079584531335725
PCoA_Dim17,Confronting One's Shadow,0.0791102961474
PCoA_Dim17,Good-Versus-Evil Conflict,-0.078512795494026
PCoA_Dim17,A Heterosexual Relationship,-0.0750658427877629
PCoA_Dim17,The Hero Dies in This One,-0.0747733311825879
PCoA_Dim17,A Sci-Fi Adventure,0.0728547715009441
PCoA_Dim17,Budding romance,-0.0715096765835393
PCoA_Dim17,Courtship,-0.0702676240026698
PCoA_Dim17,Brave Protagonist,0.0696211821274866
PCoA_Dim17,A Romantic Drama,-0.0695286529612837
PCoA_Dim17,Grappling with Mortality,-0.068578626198222
PCoA_Dim17,Plot-Centric,-0.0663332050669382
PCoA_Dim17,Melancholy Atmosphere,0.0661365300197893
PCoA_Dim17,Alternative Reality,-0.0660904458019978
PCoA_Dim17,Forest Setting,-0.06495620969579
PCoA_Dim17,Philosophical or Intellectual Exploration,-0.064725690807075
PCoA_Dim17,Childhood Bonds,-0.0645670441463337
PCoA_Dim17,Psychological Distress,0.063789294013457
PCoA_Dim17,Somber atmosphere,0.0636562966353973
PCoA_Dim17,Heightened Tension,-0.0631983460419379
PCoA_Dim17,An Asian-Driven Story,0.060742407487313
PCoA_Dim17,The Great Chase,0.0585976566750954
PCoA_Dim17,Risky Gambit,-0.0581080903640468
PCoA_Dim17,Talking Animals,0.0576011324819025
PCoA_Dim17,A Father's Arc,-0.0566889043112521
PCoA_Dim17,Narrative Driven by the Context,-0.0558286818269998
PCoA_Dim17,A Friendship Drama,-0.054739761583957
PCoA_Dim17,High-end effects,-0.053939229501504
PCoA_Dim17,Set in Los Angeles,-0.0535107878475514
PCoA_Dim17,Relatable Protagonist,0.0532522224925448
PCoA_Dim17,Averting the Catastrophe,-0.0527856856985932
PCoA_Dim17,Romantic Triangle,-0.0514369850524602
PCoA_Dim17,Perilous Liaison,-0.0511473236040536
PCoA_Dim17,A Group Quest,-0.0503976844673339
PCoA_Dim17,Coming-of-Age Tale,-0.0503835970549028
PCoA_Dim17,The Post-War Era,-0.0501405600962757
PCoA_Dim17,A Stock Story,0.0488936945262303
PCoA_Dim17,A Mother's Arc,0.0486697251897113
PCoA_Dim17,Act of treachery,0.0476907265767819
PCoA_Dim17,A Romantic Dramedy,-0.0475408365340849
PCoA_Dim17,The Underdog Wins,0.0475029148212762
PCoA_Dim17,A Spy Thriller,0.046580942221967
PCoA_Dim17,Unconventional directorial approach,0.0465136788936409
PCoA_Dim17,A Adventure Comedy,0.0460221369890471
PCoA_Dim17,Self Discovery,0.0457698114558398
PCoA_Dim17,Relationship Turmoil,-0.0454427235996415
PCoA_Dim17,Narrative Originality,-0.0442514137191404
PCoA_Dim17,Nonsensical Comedy,0.0430009458944709
PCoA_Dim17,A Comic Fantasy,-0.0426789336277189
PCoA_Dim17,Political narrative,-0.0426066126965251
PCoA_Dim17,Eccentric Acting,0.0424106295300437
PCoA_Dim17,Intricate Stunts,0.0419500440539636
PCoA_Dim17,A Dominant Leader,-0.0416737962367801
PCoA_Dim17,Intended Fright Response,-0.0412803330513876
PCoA_Dim17,Predominant Set Design,-0.0406200631722522
PCoA_Dim17,Psychological Horror,0.0403566887148624
PCoA_Dim17,Cloak-and-Dagger ,0.039807841930486
PCoA_Dim17,A Buddy Comedy,0.0396347085251848
PCoA_Dim17,Societal Decline,0.0392707007483192
PCoA_Dim17,Affluent Social Class,0.0390902526608667
PCoA_Dim17,Spirit-Stirring,0.0388890397839081
PCoA_Dim17,Set in Asia,0.0381526027680271
PCoA_Dim17,Family-devoted Protagonist,0.0370962439865421
PCoA_Dim17,Set in India,0.0369676930894155
PCoA_Dim17,The Hero's Journey,-0.0347274528702975
PCoA_Dim17,The Villian's Story,0.034550347193567
PCoA_Dim17,Focus on Culture,-0.0335571063954589
PCoA_Dim17,Visually Beautiful / Immersive,0.0333890099345306
PCoA_Dim17,A Tidy Ending,-0.0312949788394957
PCoA_Dim17,Going after the MacGuffin,-0.0312671031137485
PCoA_Dim17,Sophisticated Visual Effects Integration,-0.0302149615949205
PCoA_Dim17,Suspenseful atmosphere,-0.0301470318364494
PCoA_Dim17,Eerie Score,-0.0300938069871
PCoA_Dim17,Feel-Good Narrative,0.0300003667357738
PCoA_Dim17,A Focus on Mood,0.0295601263832912
PCoA_Dim17,Set is East Asia,0.0295252730610219
PCoA_Dim17,Biographical narrative of a historical personality,-0.0295211173114874
PCoA_Dim17,Moral Redemption,-0.0293512870999166
PCoA_Dim17,Coming of Age,-0.0293358065598796
PCoA_Dim17,Transformative Make-up,-0.0285525032433899
PCoA_Dim17,Built Around Humor,0.027434996615803
PCoA_Dim17,Heartfelt and Hopeful,0.0273702218663084
PCoA_Dim17,A Tale of Science,0.0263907625926621
PCoA_Dim17,Happy Ending,0.0262445825014495
PCoA_Dim17,Masterful acting,-0.0260381398477594
PCoA_Dim17,Picture of Idealic Family Life,0.0252218845424131
PCoA_Dim17,Focus on Asian Culture,-0.0251989070861717
PCoA_Dim17,To the Rescue,0.0251297134808289
PCoA_Dim17,A Life Story,0.0241349437488971
PCoA_Dim17,Friends Against the Odds,0.0236929782054394
PCoA_Dim17,Sad Ending,-0.0233612216761495
PCoA_Dim17,The Unraveling of Trust,0.0227658393033149
PCoA_Dim17,Island Setting,0.0218802561186976
PCoA_Dim17,Conquering Adversity,0.0215182752186733
PCoA_Dim17,Extraterrestrial Life,-0.0205265327414388
PCoA_Dim17,The Superhero Prevails,0.0197674281700802
PCoA_Dim17,Innocent protagonist,-0.0196613549731489
PCoA_Dim17,Rich Visual Cinematography,0.0194510353926405
PCoA_Dim17,Pursuit of Justice,0.0194226486360706
PCoA_Dim17,Use of non-linear flashbacks,-0.017242575894772
PCoA_Dim17,Young Adventurers,-0.0172356394698014
PCoA_Dim17,Classic Fall-Rise Plot Arc,0.0159210556278322
PCoA_Dim17,Profound Amazement,-0.0156787932954518
PCoA_Dim17,Childhood Narrative,-0.0152395958157257
PCoA_Dim17,Intricate Costuming,0.0149701204517143
PCoA_Dim17,Advanced Cinematography and Edit Work,-0.0149207030281288
PCoA_Dim17,Losing One's Love,0.0147674531749115
PCoA_Dim17,Genius Protagonist,-0.0147191490801776
PCoA_Dim17,A Tale of Mourning,0.0145109022477855
PCoA_Dim17,an early life drama,-0.0144431164257905
PCoA_Dim17,The Struggle for Survival,-0.0143235956815195
PCoA_Dim17,Profound & Reflective,-0.013775933253898
PCoA_Dim17,Polished and cohesive script,-0.0136578710882692
PCoA_Dim17,Ominous and Chilling,-0.013330790567074
PCoA_Dim17,Charming protagonist,0.0122111099884407
PCoA_Dim17,Visceral Cinematography,0.0120761779221508
PCoA_Dim17,Parent-Child Narrative,0.0118308490578361
PCoA_Dim17,Intellectually Stimulating,-0.0118187816592499
PCoA_Dim17,Positive and Sentimental,0.0117527761510798
PCoA_Dim17,Direction-Driven,0.0116763998169904
PCoA_Dim17,A Law Enforcement Tale,0.0116432292656938
PCoA_Dim17,Character-Driven,-0.0115754280979915
PCoA_Dim17,Somber and Eerie Tone,0.0106749277317088
PCoA_Dim17,A Police Thriller,-0.0103123980249066
PCoA_Dim17,A Focus on the Issues,0.0092861125686773
PCoA_Dim17,Predominant Sound Effects,0.0092284808140476
PCoA_Dim17,About a Family,0.008699591264476
PCoA_Dim17,A Formidable Challenge,0.0079346854350081
PCoA_Dim17,Comedic Protagonist,0.0078349701340696
PCoA_Dim17,Set in Japan,0.0078285637920531
PCoA_Dim17,Formative hardships,-0.0075794453570395
PCoA_Dim17,Tender and heartwarming score,-0.0070149151822983
PCoA_Dim17,A Lead Worth Cheering For,-0.0062395819954405
PCoA_Dim17,Real-world satire,-0.0061610875350921
PCoA_Dim17,Changing Life Direction,0.0059755453061819
PCoA_Dim17,Metropolitan story,-0.0057999917051206
PCoA_Dim17,Rivalry,-0.0057326029885973
PCoA_Dim17,"Hardship, Loss, and Healing",0.005519171396757
PCoA_Dim17,A Family Drama,0.0049088224210009
PCoA_Dim17,A Sports Setting,0.0048228424120758
PCoA_Dim17,Family Restoration,-0.0044593048972265
PCoA_Dim17,Brothers or Sisters,-0.0040216046355935
PCoA_Dim17,Signature directorial style,-0.0039690967025622
PCoA_Dim17,Repeated Setbacks,-0.0036946391524514
PCoA_Dim17,Uneasy Characters,-0.0033277940490603
PCoA_Dim17,Family Struggles,0.0025939801229106
PCoA_Dim17,A Lead with Expertise,-0.0024830934783767
PCoA_Dim17,Psychological Manipulation,0.0023926960267517
PCoA_Dim17,Deliberate Visual Authorship,0.0022538847830436
PCoA_Dim17,Biopic,-0.0016199739602962
PCoA_Dim17,The Aristocrats,-0.0015511035545558
PCoA_Dim17,Dark or Caustic Wit,0.0012905793143166
PCoA_Dim17,Avarice,0.0012023072711735
PCoA_Dim17,Flawed Protagonist,0.0005490805558827
PCoA_Dim17,A Black Character-Driven Story,0.0003554893591169
PCoA_Dim17,Situational Humor,-0.0001534804864123
PCoA_Dim18,A Late 20th and Early 21st Century Narrative,-0.3697191732372292
PCoA_Dim18,Moral Temptation,0.2905285069782684
PCoA_Dim18,Psychological Manipulation,0.2718531176046214
PCoA_Dim18,Set in Europe,-0.2713191128231537
PCoA_Dim18,Metropolitan story,-0.2330024010575555
PCoA_Dim18,"Hardship, Loss, and Healing",-0.1988510912259475
PCoA_Dim18,Avarice,0.1965770533708065
PCoA_Dim18,The Great Chase,-0.1961294645727569
PCoA_Dim18,Moral Conflict,0.178187221859592
PCoA_Dim18,Set in France,-0.1722715798501422
PCoA_Dim18,The Unraveling of Trust,0.1685644718511604
PCoA_Dim18,Act of treachery,0.1685047407530576
PCoA_Dim18,Perilous Liaison,0.1626290896077087
PCoA_Dim18,A Law Enforcement Tale,-0.1603804227919481
PCoA_Dim18,A Detective Story,-0.1542380146280284
PCoA_Dim18,A Dominant Leader,0.1536613583617305
PCoA_Dim18,Plot-Centric,0.1492678570174611
PCoA_Dim18,A Police Thriller,-0.1476385388755506
PCoA_Dim18,A Mainstream Feature,0.1475063956937946
PCoA_Dim18,Joyful Emotional Expression,0.1459949553704003
PCoA_Dim18,Signature directorial style,-0.1442914493923917
PCoA_Dim18,Biographical narrative of a historical personality,0.1428246618782971
PCoA_Dim18,Positive Emotional Tone,0.1423438560881934
PCoA_Dim18,Mid-20th Century Narrative ,0.1420521102503169
PCoA_Dim18,Set in America,0.1408986227246689
PCoA_Dim18,Repeated Setbacks,0.1392245392844977
PCoA_Dim18,Rivalry,0.1364579483516073
PCoA_Dim18,Unconventional directorial approach,-0.1361783137113415
PCoA_Dim18,Biopic,0.1353821871945275
PCoA_Dim18,Set in Asia,0.1342700914483786
PCoA_Dim18,Set is East Asia,0.1340576703736631
PCoA_Dim18,Visceral Cinematography,-0.1327935748741375
PCoA_Dim18,Predominant Set Design,0.1321065043838592
PCoA_Dim18,The Post-War Era,0.1303454409654915
PCoA_Dim18,"Positive, Uplifting Emotional Tone",0.1294774288913653
PCoA_Dim18,A Tale of Science,0.1290754445025903
PCoA_Dim18,A fantastical realm,-0.1277490584509094
PCoA_Dim18,Male Friends and Bonding,0.1225784498948548
PCoA_Dim18,Affluent Social Class,0.1218476865561283
PCoA_Dim18,An Asian-Driven Story,0.1217768849878157
PCoA_Dim18,A Tech-Centric Narrative,0.1195917509765594
PCoA_Dim18,Energetic Emotional Tone,0.1189812143640889
PCoA_Dim18,Set in the UK,-0.1166240388014473
PCoA_Dim18,Childhood Bonds,0.1162168731046566
PCoA_Dim18,Moral Redemption,-0.1162096081946593
PCoA_Dim18,Focus on Culture,-0.1160351248661884
PCoA_Dim18,Romantic Triangle,0.1150843309730743
PCoA_Dim18,A Black & White,0.1147715615894607
PCoA_Dim18,Going after the MacGuffin,-0.1142817929698277
PCoA_Dim18,The Hero's Journey,-0.1129701878776079
PCoA_Dim18,All-ages,0.1124075159033386
PCoA_Dim18,Losing One's Love,-0.1122021547199364
PCoA_Dim18,Forest Setting,-0.1106235836874444
PCoA_Dim18,High Medieval Fantasy,-0.1105738487634191
PCoA_Dim18,A Science Thriller,0.1100505171540636
PCoA_Dim18,Sad Ending,0.1098369794982279
PCoA_Dim18,The Hero Dies in This One,0.1096479565961608
PCoA_Dim18,A Group Quest,0.1088098980892548
PCoA_Dim18,Brave Protagonist,-0.1071821951062239
PCoA_Dim18,The Entertainment Industry,0.1067715270721003
PCoA_Dim18,Live Performance Arts,0.1058777999084605
PCoA_Dim18,A Whodunnit,-0.1055022536722117
PCoA_Dim18,Formative hardships,0.1051310673371008
PCoA_Dim18,Elegant Dialog and Screenplay,-0.1050674095320402
PCoA_Dim18,Rural Story,-0.1049717089348965
PCoA_Dim18,Family Struggles,0.1048634280772197
PCoA_Dim18,Relatable Protagonist,-0.1044849182733133
PCoA_Dim18,A Feeling of Surprise,0.1040376588904797
PCoA_Dim18,Use of Heavy Technology,0.1033469166719535
PCoA_Dim18,Set in Japan,0.1028578031837559
PCoA_Dim18,A Sci-Fi Adventure,0.1021043866260894
PCoA_Dim18,Coming of Age,0.1017367812964629
PCoA_Dim18,The Villian's Story,0.0987141140374426
PCoA_Dim18,Conquering Adversity,0.0986783430909993
PCoA_Dim18,A Futuristic Thriller,0.098064259143994
PCoA_Dim18,A Tale of Mourning,-0.0964987671185051
PCoA_Dim18,Built Around Humor,0.0955465081753818
PCoA_Dim18,Childhood Narrative,0.0954578203825766
PCoA_Dim18,Relationship Turmoil,0.0945733627371066
PCoA_Dim18,A Life Story,0.0943597820462496
PCoA_Dim18,Moral Exploration,0.0926944135816738
PCoA_Dim18,Classic Fall-Rise Plot Arc,-0.0916645741666552
PCoA_Dim18,History-in-the-making,0.0913516792394065
PCoA_Dim18,Intellectually Stimulating,-0.0907001986152093
PCoA_Dim18,A Poignant Mood,-0.0903687382701919
PCoA_Dim18,Natural splendor,-0.0901495903972348
PCoA_Dim18,Pursuit of Justice,-0.0895048039265835
PCoA_Dim18,Brothers or Sisters,0.0882788260048189
PCoA_Dim18,Advanced Cinematography and Edit Work,-0.087858980715547
PCoA_Dim18,Transformative Make-up,0.0877101043765069
PCoA_Dim18,Narrative Originality,-0.0876056703690712
PCoA_Dim18,Emotionally Withdrawn Protagonist,-0.0861507044159779
PCoA_Dim18,A Relentless Chase,-0.0857154203312142
PCoA_Dim18,Innocent protagonist,0.0845843819867401
PCoA_Dim18,Uneasy Characters,0.0843463437960815
PCoA_Dim18,Enchanted Creatures and Spells,-0.0832030328461425
PCoA_Dim18,Suspenseful atmosphere,0.0827047051300027
PCoA_Dim18,Religious themes,-0.0815426656581103
PCoA_Dim18,Intricate Costuming,0.081144132649683
PCoA_Dim18,Risky Gambit,0.0798736621887659
PCoA_Dim18,The Struggle for Survival,0.0780865028704017
PCoA_Dim18,A Wholesome Comedy,0.0775566777626722
PCoA_Dim18,Supernatural Phenomena,-0.0773554717805675
PCoA_Dim18,A post-2015 narrative,0.0765867792760409
PCoA_Dim18,A Tidy Ending,0.0756499622764583
PCoA_Dim18,Profound & Reflective,-0.0755167427465303
PCoA_Dim18,Coming-of-Age Tale,0.0727976896136255
PCoA_Dim18,Direction-Driven,-0.0719328660841996
PCoA_Dim18,Polished and cohesive script,0.0715847093683653
PCoA_Dim18,A Formidable Challenge,-0.071191230689193
PCoA_Dim18,Psychological Horror,0.0708510422896619
PCoA_Dim18,Neighborhood story,0.0699139845867775
PCoA_Dim18,Societal Decline,-0.069715531191061
PCoA_Dim18,Averting the Catastrophe,-0.0682910198107765
PCoA_Dim18,Focus on Asian Culture,0.0679764009533743
PCoA_Dim18,Self Discovery,-0.0666558009000896
PCoA_Dim18,Set in the Future,0.0664963757964001
PCoA_Dim18,A Buddy Comedy,0.0655213433954613
PCoA_Dim18,Dismal and unsettling tone,0.0650878689450619
PCoA_Dim18,Confronting One's Shadow,-0.0650529186989178
PCoA_Dim18,Young Adventurers,0.0648233226589267
PCoA_Dim18,About a Family,0.0632547044750979
PCoA_Dim18,Genius Protagonist,0.0632504776626914
PCoA_Dim18,Female-centric narrative,-0.0628983966790043
PCoA_Dim18,Ominous and Chilling,0.0628563500312154
PCoA_Dim18,Use of Shock Elements,0.0627751820295107
PCoA_Dim18,Fast-paced,0.0619520476015085
PCoA_Dim18,The Fine Arts,0.0616712035546296
PCoA_Dim18,Psychologically Unstable Protagonist,0.0615715506191821
PCoA_Dim18,Psychological Distress,0.0614930666478593
PCoA_Dim18,A Sense of Repulsiveness,0.0611500825710665
PCoA_Dim18,Good-Versus-Evil Conflict,-0.0597890467648099
PCoA_Dim18,Situational Humor,0.0597124596642228
PCoA_Dim18,Budding romance,0.0587353301645312
PCoA_Dim18,A Black Character-Driven Story,-0.0583278907839684
PCoA_Dim18,Alternative Reality,-0.0580195021860446
PCoA_Dim18,An Artist's Story,0.0568670761519733
PCoA_Dim18,A Lead Worth Cheering For,-0.0564972197412705
PCoA_Dim18,Psychological Suspense,0.0562487876386891
PCoA_Dim18,an early life drama,0.0535794275434248
PCoA_Dim18,"Raw, Unfiltered Dialog",-0.0513035806139204
PCoA_Dim18,Masterful acting,-0.051291620987626
PCoA_Dim18,Heavy Impact of the Soundtrack,0.0512157652636759
PCoA_Dim18,To the Rescue,-0.0510867232293481
PCoA_Dim18,Set in NYC,-0.049941923452698
PCoA_Dim18,Stories of Imprisonment,0.0498055440995384
PCoA_Dim18,A Sports Setting,0.0485599464759527
PCoA_Dim18,Nonsensical Comedy,0.0472589515474184
PCoA_Dim18,Extraterrestrial Life,0.0471972888048215
PCoA_Dim18,Psychological Crime,0.0469632162058646
PCoA_Dim18,Hostile Gloom,0.0468474969295718
PCoA_Dim18,Family-devoted Protagonist,-0.0461926201996031
PCoA_Dim18,Intended Fright Response,0.0461037572130236
PCoA_Dim18,Changing Life Direction,0.0459713047274375
PCoA_Dim18,Eccentric Acting,0.0458362585862329
PCoA_Dim18,Grappling with Mortality,0.0456656112129602
PCoA_Dim18,Somber and Eerie Tone,0.0451868861850878
PCoA_Dim18,Comedic Protagonist,0.0436360444819973
PCoA_Dim18,Deceptive Appearances,0.0434674070501701
PCoA_Dim18,Narrative Driven by the Context,0.0427719273932758
PCoA_Dim18,Eerie Score,0.0420450904097437
PCoA_Dim18,Unsettling,0.0419024197676897
PCoA_Dim18,Predominant Sound Effects,0.0414352606389241
PCoA_Dim18,Profound Amazement,0.0411790765619007
PCoA_Dim18,Psychological challenges,0.0411110278122495
PCoA_Dim18,Intricate Stunts,-0.0408942866254515
PCoA_Dim18,Flawed Protagonist,-0.0389361086231702
PCoA_Dim18,High-end effects,0.0388811634239759
PCoA_Dim18,Use of Animated CGI,0.0381712129529563
PCoA_Dim18,Putting Others Above Oneself,-0.0378874514933302
PCoA_Dim18,Somber atmosphere,0.0375361593794971
PCoA_Dim18,Feel-Good Narrative,0.0374184927698188
PCoA_Dim18,Heightened Tension,0.0371366766255208
PCoA_Dim18,Ghosts,-0.0370465660086033
PCoA_Dim18,Unexpected Conclusion,0.0363363957494302
PCoA_Dim18,A Friendship Drama,0.0359348477930178
PCoA_Dim18,Dialog-Driven,0.0350751907091472
PCoA_Dim18,Spirit-Stirring,0.0346226777184424
PCoA_Dim18,A Focus on Feminism,-0.0339738235001966
PCoA_Dim18,Philosophical or Intellectual Exploration,-0.0331798850955144
PCoA_Dim18,Historical References,0.0329571657645622
PCoA_Dim18,The Superhero Prevails,-0.0326229886157709
PCoA_Dim18,Set in Los Angeles,-0.0323362925182607
PCoA_Dim18,Sophisticated Visual Effects Integration,0.0321419959566946
PCoA_Dim18,A Crime Thriller,-0.0318546698539851
PCoA_Dim18,Plot Twists!,0.0317474210224548
PCoA_Dim18,Heavy Gunplay,-0.0316419762888743
PCoA_Dim18,Will-They-Won't-They Relationship,0.0307754910166734
PCoA_Dim18,A Heterosexual Relationship,0.0299563363972033
PCoA_Dim18,A Mother's Arc,-0.0292561637954797
PCoA_Dim18,Reveral of Fortune,0.0291939774616956
PCoA_Dim18,Talking Animals,0.0285741733585052
PCoA_Dim18,A Stock Story,0.0282103763057707
PCoA_Dim18,Picture of Idealic Family Life,0.0281497421792446
PCoA_Dim18,Political narrative,0.0281216976519247
PCoA_Dim18,A Adventure Comedy,0.0278816447044412
PCoA_Dim18,Real-world satire,0.0265998400102158
PCoA_Dim18,A Romantic Drama,-0.0223460556336976
PCoA_Dim18,Set in the American South,0.0218836401388249
PCoA_Dim18,Violent Crimes,-0.0218385189438634
PCoA_Dim18,The Pre-Modern Era,0.0216425958542113
PCoA_Dim18,Story With a Focus on Gender,-0.0209083855645917
PCoA_Dim18,Friends Against the Odds,-0.020831300176617
PCoA_Dim18,A Tale of Wartime,0.0207883964058274
PCoA_Dim18,Cloak-and-Dagger ,0.0207719804417561
PCoA_Dim18,Explicit Violence and Goriness,-0.0205377876638936
PCoA_Dim18,Melancholy Atmosphere,0.019144702572517
PCoA_Dim18,Happy Ending,0.0190638000912115
PCoA_Dim18,Character-Driven,-0.0187079006109997
PCoA_Dim18,Music-led Storytelling,0.0175920674195091
PCoA_Dim18,Charming protagonist,-0.0171454546551474
PCoA_Dim18,Deliberate Visual Authorship,-0.0168236480233556
PCoA_Dim18,Disadvantaged Social Class,-0.0163037812961262
PCoA_Dim18,Visually Beautiful / Immersive,-0.0146359764250556
PCoA_Dim18,The Aristocrats,0.0140702200047248
PCoA_Dim18,A Focus on Mood,-0.013657331687819
PCoA_Dim18,Dystopian,0.0134467575220285
PCoA_Dim18,Female Friends and Bonding,0.0133576129186465
PCoA_Dim18,Melee Combat,-0.0129122572746339
PCoA_Dim18,A Father's Arc,-0.0120333749603012
PCoA_Dim18,Parent-Child Narrative,-0.0120226406357826
PCoA_Dim18,Courtship,0.01140907861742
PCoA_Dim18,A Comic Fantasy,-0.0110017079594832
PCoA_Dim18,Use of non-linear flashbacks,-0.0107409183711557
PCoA_Dim18,Rich Visual Cinematography,-0.0099326894542452
PCoA_Dim18,A quest for retribution,0.0090535227825137
PCoA_Dim18,"Dangerous, Risky Behaviors",0.008962210032461
PCoA_Dim18,Heartfelt and Hopeful,0.0087871027536841
PCoA_Dim18,Island Setting,0.0086774231396316
PCoA_Dim18,The Underdog Wins,-0.0079719960670488
PCoA_Dim18,A Romantic Dramedy,-0.0079714723328053
PCoA_Dim18,A Family Drama,0.00782890069295
PCoA_Dim18,Dark or Caustic Wit,0.0066603180323228
PCoA_Dim18,Threatening Wildlife,0.0062175859322448
PCoA_Dim18,Criminal Underbelly,-0.0061717832056529
PCoA_Dim18,A Lead with Expertise,0.0047412355674937
PCoA_Dim18,Music-Rich,0.0036572302402161
PCoA_Dim18,Positive and Sentimental,-0.0031268641317553
PCoA_Dim18,Tender and heartwarming score,0.0029089025081366
PCoA_Dim18,Set in India,0.0028537361024299
PCoA_Dim18,Dry Humor Dialogue,-0.0024665649967693
PCoA_Dim18,Set in California,-0.0020014611146721
PCoA_Dim18,A Focus on the Issues,0.0018018952918452
PCoA_Dim18,A village story,-0.0004305387072022
PCoA_Dim18,A Spy Thriller,-0.0003494070740409
PCoA_Dim18,Active Narrator Voiceover,7.14887250279008e-05
PCoA_Dim18,Family Restoration,-4.760938334795604e-05
PCoA_Dim19,Repeated Setbacks,0.3542388787568337
PCoA_Dim19,A Late 20th and Early 21st Century Narrative,-0.2995436643760901
PCoA_Dim19,Live Performance Arts,0.2569276975874697
PCoA_Dim19,The Entertainment Industry,0.235579768860557
PCoA_Dim19,Conquering Adversity,0.2193118838677563
PCoA_Dim19,A Black & White,0.2148551385761381
PCoA_Dim19,Genius Protagonist,-0.206566993462019
PCoA_Dim19,The Struggle for Survival,0.2039700665256487
PCoA_Dim19,Disadvantaged Social Class,0.1952456861348053
PCoA_Dim19,The Fine Arts,0.194663744491381
PCoA_Dim19,The Great Chase,0.190801790827618
PCoA_Dim19,Character-Driven,-0.1882034089822549
PCoA_Dim19,A Lead with Expertise,-0.1877979706729888
PCoA_Dim19,An Artist's Story,0.1779569028619338
PCoA_Dim19,Going after the MacGuffin,0.1777818792343351
PCoA_Dim19,Confronting One's Shadow,-0.1765809456796061
PCoA_Dim19,A Friendship Drama,-0.1739398517177504
PCoA_Dim19,Mid-20th Century Narrative ,0.1665261372087221
PCoA_Dim19,Reveral of Fortune,0.1628819783642285
PCoA_Dim19,Psychologically Unstable Protagonist,-0.1615803343132443
PCoA_Dim19,Moral Exploration,-0.1582127676826779
PCoA_Dim19,The Villian's Story,-0.1541103392331221
PCoA_Dim19,A Dominant Leader,-0.152867791454429
PCoA_Dim19,Classic Fall-Rise Plot Arc,0.1520715060917571
PCoA_Dim19,Plot Twists!,0.1518476875726569
PCoA_Dim19,Female Friends and Bonding,-0.1509280151693209
PCoA_Dim19,"Hardship, Loss, and Healing",0.1502880178223417
PCoA_Dim19,Philosophical or Intellectual Exploration,-0.149982410458631
PCoA_Dim19,Self Discovery,-0.1445401992271037
PCoA_Dim19,A Tale of Mourning,0.1422544987627279
PCoA_Dim19,Grappling with Mortality,0.1361532232176875
PCoA_Dim19,Dystopian,0.1350062050816146
PCoA_Dim19,Losing One's Love,0.1349058610882073
PCoA_Dim19,Neighborhood story,-0.1337986785920052
PCoA_Dim19,Story With a Focus on Gender,-0.1297723761259587
PCoA_Dim19,Set in the Future,0.1267105388328999
PCoA_Dim19,A Buddy Comedy,-0.1257147502869013
PCoA_Dim19,"Positive, Uplifting Emotional Tone",-0.1246870384054419
PCoA_Dim19,Dialog-Driven,-0.1231170273677017
PCoA_Dim19,Alternative Reality,0.1218220493215851
PCoA_Dim19,Psychological Horror,-0.1217788027778685
PCoA_Dim19,Positive Emotional Tone,-0.1216181473820024
PCoA_Dim19,The Post-War Era,0.1202206761815817
PCoA_Dim19,Avarice,0.11945090567297
PCoA_Dim19,Joyful Emotional Expression,-0.1170168592394403
PCoA_Dim19,A Whodunnit,0.1164938230588792
PCoA_Dim19,Female-centric narrative,-0.1157966529785547
PCoA_Dim19,"Dangerous, Risky Behaviors",-0.1154797791441237
PCoA_Dim19,A Law Enforcement Tale,0.1141853767240748
PCoA_Dim19,Societal Decline,0.1122113236542037
PCoA_Dim19,To the Rescue,0.1121825727032078
PCoA_Dim19,Narrative Originality,0.1114363896858339
PCoA_Dim19,Intellectually Stimulating,-0.1094412607415151
PCoA_Dim19,Set in Los Angeles,0.1074358203186152
PCoA_Dim19,Psychological challenges,-0.1062718812799734
PCoA_Dim19,Profound & Reflective,-0.1046794169844615
PCoA_Dim19,Biographical narrative of a historical personality,-0.1043723093555837
PCoA_Dim19,Rich Visual Cinematography,-0.1037492135743079
PCoA_Dim19,Emotionally Withdrawn Protagonist,-0.103617118468125
PCoA_Dim19,A Wholesome Comedy,-0.1022478030718694
PCoA_Dim19,Dry Humor Dialogue,-0.1018838988729431
PCoA_Dim19,Visually Beautiful / Immersive,-0.1005976328727912
PCoA_Dim19,Comedic Protagonist,-0.1005692291260308
PCoA_Dim19,Unexpected Conclusion,0.1004878617444856
PCoA_Dim19,Spirit-Stirring,-0.1000616002068267
PCoA_Dim19,Unsettling,-0.0999885008372561
PCoA_Dim19,Biopic,-0.0992744364564518
PCoA_Dim19,A Mainstream Feature,-0.0989038846262688
PCoA_Dim19,Feel-Good Narrative,-0.0981846107464839
PCoA_Dim19,A Focus on Feminism,-0.0978754062369145
PCoA_Dim19,The Underdog Wins,0.0955811058901327
PCoA_Dim19,A Relentless Chase,0.0945676429164023
PCoA_Dim19,Set in California,0.0943729976634765
PCoA_Dim19,A Detective Story,0.0931708211738127
PCoA_Dim19,Plot-Centric,0.0923994896605484
PCoA_Dim19,Charming protagonist,-0.0918500620224319
PCoA_Dim19,Violent Crimes,0.0910285304270577
PCoA_Dim19,Music-led Storytelling,0.0907908055700104
PCoA_Dim19,Threatening Wildlife,0.0895825689262011
PCoA_Dim19,Masterful acting,-0.0893783523521523
PCoA_Dim19,Deceptive Appearances,0.0888207050818523
PCoA_Dim19,The Aristocrats,-0.0879610616545428
PCoA_Dim19,Childhood Bonds,-0.0868699561060867
PCoA_Dim19,Psychological Suspense,-0.0829202236505597
PCoA_Dim19,A Police Thriller,0.0825530959666489
PCoA_Dim19,Use of Heavy Technology,-0.0824803092681861
PCoA_Dim19,A Sense of Repulsiveness,-0.0824142269578284
PCoA_Dim19,Coming-of-Age Tale,-0.0822994382310859
PCoA_Dim19,A Spy Thriller,-0.0817356088849537
PCoA_Dim19,Dismal and unsettling tone,-0.0811932025073984
PCoA_Dim19,Cloak-and-Dagger ,-0.0802947367146122
PCoA_Dim19,Predominant Sound Effects,-0.0797926072383058
PCoA_Dim19,Affluent Social Class,-0.0792291176518405
PCoA_Dim19,Rivalry,-0.0788790252549242
PCoA_Dim19,Moral Redemption,0.0783944966428044
PCoA_Dim19,Criminal Underbelly,0.0782484648145812
PCoA_Dim19,Flawed Protagonist,-0.0777929048052653
PCoA_Dim19,Changing Life Direction,0.0775501562336975
PCoA_Dim19,Rural Story,0.0774722275835438
PCoA_Dim19,A fantastical realm,0.0774645697927061
PCoA_Dim19,Budding romance,0.0764815210983969
PCoA_Dim19,Set in the UK,-0.0762789229720904
PCoA_Dim19,Unconventional directorial approach,0.0756274201752379
PCoA_Dim19,The Superhero Prevails,-0.0703387943745411
PCoA_Dim19,Pursuit of Justice,0.0691465662803811
PCoA_Dim19,The Pre-Modern Era,-0.0678476230866421
PCoA_Dim19,History-in-the-making,-0.0675828573356931
PCoA_Dim19,A Life Story,0.0665770058547267
PCoA_Dim19,Set in India,0.0662654335132102
PCoA_Dim19,Elegant Dialog and Screenplay,-0.0657383441762858
PCoA_Dim19,Set is East Asia,-0.0652253797405542
PCoA_Dim19,Heartfelt and Hopeful,-0.0650501203226978
PCoA_Dim19,Situational Humor,-0.0650069223169938
PCoA_Dim19,A Formidable Challenge,0.0635014182995302
PCoA_Dim19,Psychological Crime,-0.0628474782449282
PCoA_Dim19,Enchanted Creatures and Spells,0.0627488512052076
PCoA_Dim19,Focus on Culture,0.062281207109733
PCoA_Dim19,Political narrative,-0.0621768997919412
PCoA_Dim19,Use of Animated CGI,-0.0619817922033088
PCoA_Dim19,Moral Conflict,-0.0606911560464787
PCoA_Dim19,Brothers or Sisters,-0.0595512837751784
PCoA_Dim19,Built Around Humor,-0.0594820803763981
PCoA_Dim19,Set in Asia,-0.0588663025960441
PCoA_Dim19,Advanced Cinematography and Edit Work,-0.0588408292899331
PCoA_Dim19,A Focus on the Issues,-0.0584698492889159
PCoA_Dim19,Predominant Set Design,-0.0580605212653305
PCoA_Dim19,Historical References,-0.0578419808948166
PCoA_Dim19,A Crime Thriller,0.0576704222078029
PCoA_Dim19,Sad Ending,-0.0576395512603607
PCoA_Dim19,Heavy Impact of the Soundtrack,0.0575378431583886
PCoA_Dim19,Averting the Catastrophe,-0.0574503960348625
PCoA_Dim19,Family Restoration,0.0574461998921758
PCoA_Dim19,Stories of Imprisonment,0.0569429421595105
PCoA_Dim19,A Group Quest,-0.0563368220496926
PCoA_Dim19,Narrative Driven by the Context,0.0553548708606258
PCoA_Dim19,A Feeling of Surprise,0.0546222407660399
PCoA_Dim19,Direction-Driven,-0.0533657402210636
PCoA_Dim19,The Unraveling of Trust,-0.0531408592429605
PCoA_Dim19,Intended Fright Response,-0.0527112395459024
PCoA_Dim19,A Romantic Dramedy,-0.0514612556351551
PCoA_Dim19,Eerie Score,-0.0507791612413961
PCoA_Dim19,Set in Europe,-0.0499041337335597
PCoA_Dim19,All-ages,-0.0483762891539754
PCoA_Dim19,Hostile Gloom,-0.0471601102557337
PCoA_Dim19,A Mother's Arc,-0.0469229805079775
PCoA_Dim19,A Lead Worth Cheering For,-0.0457178057239252
PCoA_Dim19,High Medieval Fantasy,0.0453018576518663
PCoA_Dim19,Transformative Make-up,-0.0443699646064194
PCoA_Dim19,Eccentric Acting,-0.0439306930405495
PCoA_Dim19,Family Struggles,0.0434815635903429
PCoA_Dim19,Polished and cohesive script,-0.0433140642255376
PCoA_Dim19,Happy Ending,-0.042529687399465
PCoA_Dim19,A Tech-Centric Narrative,-0.0424581781853717
PCoA_Dim19,Deliberate Visual Authorship,-0.041990089824737
PCoA_Dim19,Uneasy Characters,-0.0416967054326379
PCoA_Dim19,Childhood Narrative,-0.0416709544795591
PCoA_Dim19,Forest Setting,0.0413639940788865
PCoA_Dim19,an early life drama,-0.0406928683166682
PCoA_Dim19,A Sports Setting,-0.0394240540114469
PCoA_Dim19,Explicit Violence and Goriness,-0.0387761440240597
PCoA_Dim19,A Tale of Science,-0.0376784112236717
PCoA_Dim19,Intricate Costuming,-0.0369118853012913
PCoA_Dim19,Will-They-Won't-They Relationship,0.0355082032877559
PCoA_Dim19,Music-Rich,0.0352835539670281
PCoA_Dim19,A Sci-Fi Adventure,0.0346920627952071
PCoA_Dim19,A Stock Story,0.0343322027861124
PCoA_Dim19,Nonsensical Comedy,0.0340452815925126
PCoA_Dim19,The Hero's Journey,0.0340184783964622
PCoA_Dim19,A Focus on Mood,-0.0336900619104626
PCoA_Dim19,Positive and Sentimental,-0.0329281426304037
PCoA_Dim19,Sophisticated Visual Effects Integration,-0.0327319071869936
PCoA_Dim19,Set in the American South,0.0322015678215841
PCoA_Dim19,Real-world satire,0.0318739934889676
PCoA_Dim19,Supernatural Phenomena,0.0310352753671102
PCoA_Dim19,A Family Drama,-0.030755025184809
PCoA_Dim19,A village story,0.0304359355321019
PCoA_Dim19,An Asian-Driven Story,-0.0303698478683071
PCoA_Dim19,Heavy Gunplay,0.0300174918308261
PCoA_Dim19,A Heterosexual Relationship,0.0299748330378606
PCoA_Dim19,Somber and Eerie Tone,-0.0297931860628245
PCoA_Dim19,Heightened Tension,0.0297252467956485
PCoA_Dim19,Courtship,0.0291861422491252
PCoA_Dim19,Risky Gambit,0.0286038541242768
PCoA_Dim19,High-end effects,-0.0278515804963441
PCoA_Dim19,Metropolitan story,0.0277867035928985
PCoA_Dim19,Intricate Stunts,-0.027767843118034
PCoA_Dim19,Formative hardships,-0.0271819259867172
PCoA_Dim19,Focus on Asian Culture,-0.0270890465566427
PCoA_Dim19,Set in NYC,-0.0264294764765172
PCoA_Dim19,Set in Japan,-0.0261898208231063
PCoA_Dim19,A Futuristic Thriller,0.0261687827282003
PCoA_Dim19,Natural splendor,-0.025748363800755
PCoA_Dim19,Psychological Manipulation,-0.0252690699437319
PCoA_Dim19,Friends Against the Odds,0.0249513146781186
PCoA_Dim19,Coming of Age,-0.0249488379543518
PCoA_Dim19,A post-2015 narrative,0.0236018577093044
PCoA_Dim19,Dark or Caustic Wit,0.0234596671741644
PCoA_Dim19,Signature directorial style,-0.0232798723754944
PCoA_Dim19,A Poignant Mood,0.0224373013138616
PCoA_Dim19,About a Family,0.0215209238322288
PCoA_Dim19,Set in France,-0.0215080921651284
PCoA_Dim19,Male Friends and Bonding,-0.0205187209540464
PCoA_Dim19,A Comic Fantasy,0.0201336508107379
PCoA_Dim19,Brave Protagonist,-0.0201086882434842
PCoA_Dim19,Fast-paced,0.0196306536396601
PCoA_Dim19,Profound Amazement,-0.018502319128473
PCoA_Dim19,A Science Thriller,0.0179129776025371
PCoA_Dim19,"Raw, Unfiltered Dialog",0.0173925327767658
PCoA_Dim19,A Father's Arc,0.0170171225719231
PCoA_Dim19,Innocent protagonist,0.0169686725579308
PCoA_Dim19,Moral Temptation,-0.0166969877100628
PCoA_Dim19,Use of non-linear flashbacks,0.0164871791795325
PCoA_Dim19,Island Setting,-0.0157892655685621
PCoA_Dim19,A Tidy Ending,-0.0151268708496277
PCoA_Dim19,A Tale of Wartime,-0.0149611315609548
PCoA_Dim19,A quest for retribution,-0.0147428172237604
PCoA_Dim19,Melee Combat,-0.0143405205352086
PCoA_Dim19,Relationship Turmoil,-0.0141372651846028
PCoA_Dim19,Energetic Emotional Tone,0.0138843276909608
PCoA_Dim19,Talking Animals,-0.013839999296946
PCoA_Dim19,Parent-Child Narrative,-0.011689297990415
PCoA_Dim19,Relatable Protagonist,-0.0116720998501761
PCoA_Dim19,Picture of Idealic Family Life,-0.0115667790195749
PCoA_Dim19,Perilous Liaison,-0.0108791396894658
PCoA_Dim19,A Adventure Comedy,-0.0107261455175393
PCoA_Dim19,Religious themes,0.009772162029448
PCoA_Dim19,Putting Others Above Oneself,0.0093073762727097
PCoA_Dim19,Ghosts,0.0082967390830388
PCoA_Dim19,Suspenseful atmosphere,-0.0082000180256137
PCoA_Dim19,Use of Shock Elements,0.0079283796612704
PCoA_Dim19,Set in America,0.0074898151607365
PCoA_Dim19,Good-Versus-Evil Conflict,0.0073314190130986
PCoA_Dim19,Family-devoted Protagonist,0.0071049965703278
PCoA_Dim19,The Hero Dies in This One,0.0064769702380281
PCoA_Dim19,Extraterrestrial Life,-0.0061631607396175
PCoA_Dim19,Act of treachery,-0.0059241562987578
PCoA_Dim19,Somber atmosphere,-0.0048930908612939
PCoA_Dim19,Tender and heartwarming score,0.0040041016004624
PCoA_Dim19,Psychological Distress,0.003975293843317
PCoA_Dim19,Active Narrator Voiceover,0.003808159304836
PCoA_Dim19,A Black Character-Driven Story,-0.0035846423903047
PCoA_Dim19,Romantic Triangle,0.0033167640338828
PCoA_Dim19,Visceral Cinematography,-0.0021222533083851
PCoA_Dim19,Ominous and Chilling,-0.0018043172503745
PCoA_Dim19,A Romantic Drama,0.0017456956310341
PCoA_Dim19,Young Adventurers,0.0008390251850897
PCoA_Dim19,Melancholy Atmosphere,-0.0001868523331919
PCoA_Dim2,The Hero's Journey,0.7130823964951866
PCoA_Dim2,Brave Protagonist,0.7116347698387642
PCoA_Dim2,A Formidable Challenge,0.5865191889132447
PCoA_Dim2,Energetic Emotional Tone,0.5738482828774722
PCoA_Dim2,Intricate Stunts,0.5262232161706932
PCoA_Dim2,High-end effects,0.5215965080108909
PCoA_Dim2,Predominant Set Design,0.5134059524904763
PCoA_Dim2,A Lead Worth Cheering For,0.5116415377348037
PCoA_Dim2,Risky Gambit,0.5093545970903048
PCoA_Dim2,Fast-paced,0.5068698000468205
PCoA_Dim2,Predominant Sound Effects,0.4969536484779039
PCoA_Dim2,Advanced Cinematography and Edit Work,0.4966266573699503
PCoA_Dim2,A Group Quest,0.4929727856351199
PCoA_Dim2,Profound Amazement,0.48497002105494
PCoA_Dim2,Putting Others Above Oneself,0.479479845880925
PCoA_Dim2,A Dominant Leader,0.4774701640038644
PCoA_Dim2,Melee Combat,0.4705146503076702
PCoA_Dim2,Sophisticated Visual Effects Integration,0.4689296139945482
PCoA_Dim2,Rich Visual Cinematography,0.4668673980182151
PCoA_Dim2,The Underdog Wins,0.4628029236725526
PCoA_Dim2,Conquering Adversity,0.4497307407285343
PCoA_Dim2,Averting the Catastrophe,0.4487722817040057
PCoA_Dim2,Narrative Driven by the Context,0.4460025598060166
PCoA_Dim2,Good-Versus-Evil Conflict,0.4458967656713626
PCoA_Dim2,Visually Beautiful / Immersive,0.4424436083110428
PCoA_Dim2,Relatable Protagonist,0.4338407788919757
PCoA_Dim2,Pursuit of Justice,0.4314882958338706
PCoA_Dim2,A Mainstream Feature,0.4258940041748397
PCoA_Dim2,Flawed Protagonist,0.4134459265514317
PCoA_Dim2,Intricate Costuming,0.4120165656846906
PCoA_Dim2,Deliberate Visual Authorship,0.4074648564566582
PCoA_Dim2,Charming protagonist,0.3837644681317928
PCoA_Dim2,To the Rescue,0.3812909706077111
PCoA_Dim2,The Struggle for Survival,0.3785093310260515
PCoA_Dim2,Heavy Gunplay,0.3759092617030039
PCoA_Dim2,Plot-Centric,0.3709194677231289
PCoA_Dim2,A Lead with Expertise,0.3706572987199147
PCoA_Dim2,The Superhero Prevails,0.3688409646797988
PCoA_Dim2,A Relentless Chase,0.363034161978594
PCoA_Dim2,Visceral Cinematography,0.3496022682841533
PCoA_Dim2,Male Friends and Bonding,0.3423191938341542
PCoA_Dim2,"Dangerous, Risky Behaviors",0.3414488248805347
PCoA_Dim2,Going after the MacGuffin,0.3393131378747838
PCoA_Dim2,A Tidy Ending,0.3386843266279598
PCoA_Dim2,Family-devoted Protagonist,0.3357090675704445
PCoA_Dim2,Genius Protagonist,0.3346935629942422
PCoA_Dim2,A Tech-Centric Narrative,0.3333642283083851
PCoA_Dim2,Friends Against the Odds,0.3332471335330842
PCoA_Dim2,The Great Chase,0.3329446343916753
PCoA_Dim2,Classic Fall-Rise Plot Arc,0.3307357029295804
PCoA_Dim2,Spirit-Stirring,0.3297877276039807
PCoA_Dim2,Political narrative,0.3216875443150737
PCoA_Dim2,Narrative Originality,0.3100156416835168
PCoA_Dim2,Music-Rich,0.3096614672207332
PCoA_Dim2,Polished and cohesive script,0.3086082334020937
PCoA_Dim2,Alternative Reality,0.3026682567163697
PCoA_Dim2,Moral Redemption,0.3023677620190714
PCoA_Dim2,"Hardship, Loss, and Healing",0.2996679676580786
PCoA_Dim2,Self Discovery,0.2993877965366927
PCoA_Dim2,A Sci-Fi Adventure,0.2991926938590872
PCoA_Dim2,Moral Exploration,0.2966378972749939
PCoA_Dim2,Direction-Driven,0.294048753086558
PCoA_Dim2,Use of Heavy Technology,0.2899652947691692
PCoA_Dim2,Masterful acting,0.2877658384624737
PCoA_Dim2,Transformative Make-up,0.2848649300646009
PCoA_Dim2,Natural splendor,0.2765272901902992
PCoA_Dim2,Psychological Horror,-0.2732381979896514
PCoA_Dim2,A fantastical realm,0.2715259794450966
PCoA_Dim2,A Tale of Wartime,0.2691008577855727
PCoA_Dim2,Happy Ending,0.2671325517727552
PCoA_Dim2,Avarice,0.2662273546887823
PCoA_Dim2,Signature directorial style,0.2635331100843091
PCoA_Dim2,Cloak-and-Dagger ,0.263489099189532
PCoA_Dim2,Music-led Storytelling,0.262383436679503
PCoA_Dim2,Moral Conflict,0.2569998254225298
PCoA_Dim2,A Tale of Science,0.2563221434925184
PCoA_Dim2,A Adventure Comedy,0.2477428729746139
PCoA_Dim2,Set in the Future,0.2397283815391758
PCoA_Dim2,A Futuristic Thriller,0.2387516395475047
PCoA_Dim2,Talking Animals,0.2359566920657856
PCoA_Dim2,Changing Life Direction,0.2354817038877006
PCoA_Dim2,Dystopian,0.2339569146491622
PCoA_Dim2,Heightened Tension,0.2305563112766976
PCoA_Dim2,High Medieval Fantasy,0.2302033447204234
PCoA_Dim2,Focus on Culture,0.2263320755633862
PCoA_Dim2,Act of treachery,0.2253340092791366
PCoA_Dim2,A Father's Arc,0.2252302191584543
PCoA_Dim2,A Focus on Feminism,0.2226350743124589
PCoA_Dim2,Rivalry,0.221110808072543
PCoA_Dim2,A Science Thriller,0.220695322744258
PCoA_Dim2,The Pre-Modern Era,0.2169190025439995
PCoA_Dim2,A Tale of Mourning,0.2145095663114958
PCoA_Dim2,A Feeling of Surprise,0.2133483205592957
PCoA_Dim2,Criminal Underbelly,0.2133018899973128
PCoA_Dim2,Threatening Wildlife,0.2127099626806534
PCoA_Dim2,Explicit Violence and Goriness,0.2103481751335336
PCoA_Dim2,Enchanted Creatures and Spells,0.2096059908690909
PCoA_Dim2,Use of Animated CGI,0.2077074945698241
PCoA_Dim2,The Aristocrats,0.2068800976379011
PCoA_Dim2,Dialog-Driven,0.2048571471784485
PCoA_Dim2,A Romantic Drama,-0.2026255695754557
PCoA_Dim2,A Friendship Drama,0.202079787938619
PCoA_Dim2,Psychologically Unstable Protagonist,-0.1988632053869673
PCoA_Dim2,Relationship Turmoil,-0.1978665976705419
PCoA_Dim2,History-in-the-making,0.1962236151938925
PCoA_Dim2,Young Adventurers,0.1875879821050986
PCoA_Dim2,A Spy Thriller,0.186255154952929
PCoA_Dim2,Grappling with Mortality,0.185271932653066
PCoA_Dim2,Parent-Child Narrative,0.1850814490056224
PCoA_Dim2,Confronting One's Shadow,0.1847676095311238
PCoA_Dim2,Unsettling,-0.1847599141344282
PCoA_Dim2,A quest for retribution,0.1845205772030008
PCoA_Dim2,Somber and Eerie Tone,-0.1837841112741393
PCoA_Dim2,Stories of Imprisonment,0.1824651608991653
PCoA_Dim2,A Poignant Mood,0.1814898507092948
PCoA_Dim2,Positive and Sentimental,0.1774007254760972
PCoA_Dim2,Picture of Idealic Family Life,0.1746440907636785
PCoA_Dim2,A Comic Fantasy,0.1720986662266472
PCoA_Dim2,Disadvantaged Social Class,0.1667831548663559
PCoA_Dim2,A Life Story,0.1643498343114681
PCoA_Dim2,A Focus on the Issues,0.163265036106265
PCoA_Dim2,A Romantic Dramedy,-0.1631399971930513
PCoA_Dim2,The Unraveling of Trust,0.1628009715044272
PCoA_Dim2,Extraterrestrial Life,0.1625660109412304
PCoA_Dim2,Repeated Setbacks,0.1612478635214931
PCoA_Dim2,Sad Ending,-0.1604008269446011
PCoA_Dim2,All-ages,0.1599578547624152
PCoA_Dim2,Historical References,0.1544631470109574
PCoA_Dim2,Feel-Good Narrative,0.1544460347915671
PCoA_Dim2,Suspenseful atmosphere,0.1542881663312838
PCoA_Dim2,Societal Decline,0.1510336773779001
PCoA_Dim2,Heartfelt and Hopeful,0.1491903330058287
PCoA_Dim2,A Black Character-Driven Story,0.1483970240694174
PCoA_Dim2,Romantic Triangle,-0.1417898683628435
PCoA_Dim2,Joyful Emotional Expression,0.1406633694879868
PCoA_Dim2,Philosophical or Intellectual Exploration,0.1398825116168706
PCoA_Dim2,A Late 20th and Early 21st Century Narrative,-0.1371467619589937
PCoA_Dim2,Emotionally Withdrawn Protagonist,0.1370439158401516
PCoA_Dim2,Perilous Liaison,-0.133340573922224
PCoA_Dim2,Dry Humor Dialogue,0.1331692508434163
PCoA_Dim2,Tender and heartwarming score,0.1309538679731457
PCoA_Dim2,Comedic Protagonist,0.1301439292532197
PCoA_Dim2,Psychological Crime,-0.1296487285920254
PCoA_Dim2,The Entertainment Industry,-0.1284967627132492
PCoA_Dim2,Coming of Age,0.1260681367157165
PCoA_Dim2,Elegant Dialog and Screenplay,0.1249152828709208
PCoA_Dim2,Family Restoration,0.1247483718758687
PCoA_Dim2,Biographical narrative of a historical personality,0.1205686303134962
PCoA_Dim2,"Raw, Unfiltered Dialog",0.1197081227685969
PCoA_Dim2,Will-They-Won't-They Relationship,-0.1153575140085037
PCoA_Dim2,Psychological Suspense,-0.1147018716704948
PCoA_Dim2,Neighborhood story,-0.1143091319453149
PCoA_Dim2,"Positive, Uplifting Emotional Tone",0.114290376344824
PCoA_Dim2,Character-Driven,0.1125844585477773
PCoA_Dim2,An Artist's Story,-0.111280228227143
PCoA_Dim2,Psychological challenges,-0.1100454129142289
PCoA_Dim2,Courtship,-0.1095687270362557
PCoA_Dim2,Reveral of Fortune,0.1088786015499121
PCoA_Dim2,Plot Twists!,0.1081060308169863
PCoA_Dim2,Childhood Narrative,0.1077035838260404
PCoA_Dim2,Eccentric Acting,0.1071266354481891
PCoA_Dim2,A Buddy Comedy,0.1064939184682126
PCoA_Dim2,A Black & White,-0.1063129816934727
PCoA_Dim2,Heavy Impact of the Soundtrack,0.1043172224470152
PCoA_Dim2,Psychological Manipulation,0.1042625438863574
PCoA_Dim2,Nonsensical Comedy,0.1029378399422764
PCoA_Dim2,A Wholesome Comedy,0.1025777769834288
PCoA_Dim2,Biopic,0.1010067499526382
PCoA_Dim2,Forest Setting,0.100986690966293
PCoA_Dim2,About a Family,0.1007757915647864
PCoA_Dim2,Positive Emotional Tone,0.1004028797197419
PCoA_Dim2,Situational Humor,0.0996254126346289
PCoA_Dim2,Dismal and unsettling tone,-0.0966267029471805
PCoA_Dim2,The Fine Arts,-0.0957704890317709
PCoA_Dim2,Formative hardships,0.0932032696803089
PCoA_Dim2,Innocent protagonist,0.0914643444148547
PCoA_Dim2,Affluent Social Class,0.0895881002669201
PCoA_Dim2,A Whodunnit,-0.0837222309118393
PCoA_Dim2,Focus on Asian Culture,0.0832887301154237
PCoA_Dim2,Set in America,-0.0817985973770263
PCoA_Dim2,The Post-War Era,-0.0817640872380224
PCoA_Dim2,Female-centric narrative,-0.0805635424408033
PCoA_Dim2,Intended Fright Response,-0.080474750045266
PCoA_Dim2,Losing One's Love,0.0796227814307887
PCoA_Dim2,A Mother's Arc,0.0792296597372588
PCoA_Dim2,A Heterosexual Relationship,-0.0773555603400636
PCoA_Dim2,Brothers or Sisters,0.0772928719441648
PCoA_Dim2,Ghosts,-0.0765295003186937
PCoA_Dim2,an early life drama,0.0745217667823131
PCoA_Dim2,Island Setting,0.0728764494835182
PCoA_Dim2,A village story,-0.0711991411528032
PCoA_Dim2,Melancholy Atmosphere,-0.0695097615917936
PCoA_Dim2,Set in Asia,0.0663643604542559
PCoA_Dim2,Deceptive Appearances,0.0650378322464634
PCoA_Dim2,An Asian-Driven Story,0.0636305389051995
PCoA_Dim2,Budding romance,-0.0634959552028716
PCoA_Dim2,Set in Los Angeles,-0.063464451195277
PCoA_Dim2,Violent Crimes,0.0620687372125176
PCoA_Dim2,Eerie Score,-0.059316795683603
PCoA_Dim2,Live Performance Arts,-0.0590038863939316
PCoA_Dim2,A Sports Setting,0.0582573964241135
PCoA_Dim2,Religious themes,0.057602362044275
PCoA_Dim2,Childhood Bonds,0.0554133509703667
PCoA_Dim2,Somber atmosphere,-0.0541179320627235
PCoA_Dim2,Hostile Gloom,0.0540620664810404
PCoA_Dim2,Set in California,-0.0510501300043784
PCoA_Dim2,Active Narrator Voiceover,0.0506300642144409
PCoA_Dim2,A Detective Story,0.0490836140383994
PCoA_Dim2,A Family Drama,0.0483034579528854
PCoA_Dim2,Set in France,-0.0470004104081901
PCoA_Dim2,Moral Temptation,0.0438028407156325
PCoA_Dim2,Uneasy Characters,-0.0414107071220257
PCoA_Dim2,Use of non-linear flashbacks,0.0406618153163563
PCoA_Dim2,A Focus on Mood,0.0393186725698664
PCoA_Dim2,Set is East Asia,0.0392200824298434
PCoA_Dim2,Set in Japan,0.0391265920995228
PCoA_Dim2,Unconventional directorial approach,0.0378258400676174
PCoA_Dim2,Use of Shock Elements,0.036896733533714
PCoA_Dim2,The Villian's Story,-0.0366982287902305
PCoA_Dim2,Set in the UK,0.0362375048944467
PCoA_Dim2,Supernatural Phenomena,-0.0348088912019981
PCoA_Dim2,Set in the American South,-0.0344007483576217
PCoA_Dim2,Profound & Reflective,0.032881256259199
PCoA_Dim2,Set in Europe,-0.0315977171376449
PCoA_Dim2,A Sense of Repulsiveness,-0.0301322143842595
PCoA_Dim2,A Crime Thriller,-0.0297914291157304
PCoA_Dim2,Set in India,0.0278011602147712
PCoA_Dim2,A Law Enforcement Tale,0.0266574754201493
PCoA_Dim2,Ominous and Chilling,-0.0246386737513584
PCoA_Dim2,Real-world satire,-0.0228235918456299
PCoA_Dim2,Rural Story,-0.0226578246785857
PCoA_Dim2,Intellectually Stimulating,0.0214605115861496
PCoA_Dim2,A post-2015 narrative,-0.0165832887952815
PCoA_Dim2,Female Friends and Bonding,-0.0158174494100283
PCoA_Dim2,Built Around Humor,-0.0145645101443019
PCoA_Dim2,Psychological Distress,-0.0126663342842338
PCoA_Dim2,Unexpected Conclusion,-0.0125403765262378
PCoA_Dim2,Mid-20th Century Narrative ,0.0123077760316841
PCoA_Dim2,Story With a Focus on Gender,-0.0120311957342615
PCoA_Dim2,The Hero Dies in This One,-0.0103766329507519
PCoA_Dim2,Dark or Caustic Wit,-0.0092094829031489
PCoA_Dim2,Set in NYC,-0.0059446463296816
PCoA_Dim2,Metropolitan story,0.0042518704416529
PCoA_Dim2,A Stock Story,0.0042482600545751
PCoA_Dim2,Coming-of-Age Tale,0.0041838485111016
PCoA_Dim2,Family Struggles,0.0038735174143399
PCoA_Dim2,A Police Thriller,0.0024058965536907
PCoA_Dim20,A Late 20th and Early 21st Century Narrative,-0.5465437560234803
PCoA_Dim20,A post-2015 narrative,0.2978883089118925
PCoA_Dim20,Rural Story,0.2581866176583745
PCoA_Dim20,Metropolitan story,-0.2360640588643595
PCoA_Dim20,A village story,0.2305251142538499
PCoA_Dim20,Avarice,-0.1841199841359575
PCoA_Dim20,Moral Temptation,-0.1704958605389369
PCoA_Dim20,The Post-War Era,0.169558283687834
PCoA_Dim20,Female Friends and Bonding,0.1674528823826804
PCoA_Dim20,A Focus on Feminism,0.1652334571913483
PCoA_Dim20,Repeated Setbacks,-0.1630696522083279
PCoA_Dim20,Psychological Manipulation,-0.1614344723527327
PCoA_Dim20,Set in America,0.1518805249376078
PCoA_Dim20,Female-centric narrative,0.1513020676817617
PCoA_Dim20,Confronting One's Shadow,0.1468320518371998
PCoA_Dim20,A Friendship Drama,0.1421637520910852
PCoA_Dim20,Set in NYC,-0.1387944805897916
PCoA_Dim20,Stories of Imprisonment,-0.1363290120463029
PCoA_Dim20,Plot-Centric,-0.1327720039355477
PCoA_Dim20,Dry Humor Dialogue,0.1322168575587386
PCoA_Dim20,Losing One's Love,0.1306836242306938
PCoA_Dim20,Conquering Adversity,-0.1239350255845577
PCoA_Dim20,Story With a Focus on Gender,0.1206640229391241
PCoA_Dim20,Use of non-linear flashbacks,0.1185579761767308
PCoA_Dim20,The Struggle for Survival,-0.1131332887575376
PCoA_Dim20,Set in the American South,0.113095406264648
PCoA_Dim20,A Tale of Mourning,0.1115898347364941
PCoA_Dim20,Live Performance Arts,-0.1110235406275878
PCoA_Dim20,Self Discovery,0.1108733152982051
PCoA_Dim20,Political narrative,-0.1100657784736261
PCoA_Dim20,Flawed Protagonist,0.1085661123626398
PCoA_Dim20,Disadvantaged Social Class,-0.1084726202390244
PCoA_Dim20,Emotionally Withdrawn Protagonist,0.1052949327283046
PCoA_Dim20,Natural splendor,0.1030003342783881
PCoA_Dim20,Narrative Driven by the Context,-0.1028313774509882
PCoA_Dim20,Predominant Set Design,-0.1027861945326348
PCoA_Dim20,Profound Amazement,-0.0968550467449835
PCoA_Dim20,"Hardship, Loss, and Healing",0.0946241052795846
PCoA_Dim20,Dystopian,-0.0938774847897532
PCoA_Dim20,Perilous Liaison,-0.0930720326823271
PCoA_Dim20,Psychological challenges,0.0904544330766136
PCoA_Dim20,The Aristocrats,-0.0904348877179774
PCoA_Dim20,Psychologically Unstable Protagonist,0.0887528171142952
PCoA_Dim20,Moral Conflict,-0.0885603031628569
PCoA_Dim20,Heavy Gunplay,0.0884585904920279
PCoA_Dim20,Affluent Social Class,-0.0868984994375407
PCoA_Dim20,Set in Europe,-0.0862931381775911
PCoA_Dim20,Moral Redemption,0.0825686763082366
PCoA_Dim20,Explicit Violence and Goriness,0.0816641984437753
PCoA_Dim20,Unconventional directorial approach,0.0812523145650185
PCoA_Dim20,Forest Setting,0.079483875184023
PCoA_Dim20,Comedic Protagonist,0.0792187228227806
PCoA_Dim20,A Poignant Mood,0.0790856883172733
PCoA_Dim20,Dark or Caustic Wit,0.0785834886582292
PCoA_Dim20,Brave Protagonist,0.0770104881714092
PCoA_Dim20,High Medieval Fantasy,-0.0765695121975601
PCoA_Dim20,To the Rescue,-0.0756544325568484
PCoA_Dim20,A Black Character-Driven Story,0.0740634615380683
PCoA_Dim20,Music-led Storytelling,-0.0726057286526647
PCoA_Dim20,The Entertainment Industry,-0.0725409586132064
PCoA_Dim20,All-ages,-0.0697152251645413
PCoA_Dim20,A Dominant Leader,-0.0695948506551557
PCoA_Dim20,A Father's Arc,-0.0690541456910399
PCoA_Dim20,A Whodunnit,0.0685709364754435
PCoA_Dim20,Suspenseful atmosphere,-0.0680097348651954
PCoA_Dim20,Relatable Protagonist,0.0670564052927147
PCoA_Dim20,Criminal Underbelly,-0.0669047083106715
PCoA_Dim20,A Wholesome Comedy,-0.0668281730948411
PCoA_Dim20,Set in the UK,-0.066738243377842
PCoA_Dim20,Melee Combat,0.0663494808001197
PCoA_Dim20,The Unraveling of Trust,-0.0662620801703621
PCoA_Dim20,Elegant Dialog and Screenplay,0.0656715587209559
PCoA_Dim20,Masterful acting,0.0656622556092454
PCoA_Dim20,About a Family,-0.0645564476328433
PCoA_Dim20,The Fine Arts,-0.0643364443203183
PCoA_Dim20,Real-world satire,0.0638113494767615
PCoA_Dim20,A Buddy Comedy,0.0636806819610077
PCoA_Dim20,Risky Gambit,-0.06277796622231
PCoA_Dim20,A Focus on the Issues,-0.0624451992090048
PCoA_Dim20,Character-Driven,0.0624112986079117
PCoA_Dim20,A quest for retribution,0.0623797282049576
PCoA_Dim20,Set in India,-0.0623435152167975
PCoA_Dim20,Psychological Horror,0.0604665243613654
PCoA_Dim20,"Positive, Uplifting Emotional Tone",-0.0601264461719559
PCoA_Dim20,Eccentric Acting,0.0600283635858733
PCoA_Dim20,Energetic Emotional Tone,-0.0599471570681159
PCoA_Dim20,Mid-20th Century Narrative ,0.0584649091929961
PCoA_Dim20,A Adventure Comedy,0.0578754446827034
PCoA_Dim20,Situational Humor,0.0577354723358802
PCoA_Dim20,Deliberate Visual Authorship,-0.0556903823063833
PCoA_Dim20,Uneasy Characters,-0.0556382302903648
PCoA_Dim20,Charming protagonist,0.0549379203452001
PCoA_Dim20,Active Narrator Voiceover,0.0542157748935554
PCoA_Dim20,Societal Decline,-0.0540935299101763
PCoA_Dim20,Parent-Child Narrative,-0.0539793877052943
PCoA_Dim20,Alternative Reality,-0.053714433044681
PCoA_Dim20,Act of treachery,-0.0530759198163798
PCoA_Dim20,Joyful Emotional Expression,-0.0530631224192034
PCoA_Dim20,Talking Animals,-0.0528873051598961
PCoA_Dim20,Nonsensical Comedy,0.0519535198477433
PCoA_Dim20,Positive Emotional Tone,-0.0505663450122852
PCoA_Dim20,Putting Others Above Oneself,0.050496837992551
PCoA_Dim20,A fantastical realm,-0.0503994853415568
PCoA_Dim20,A Stock Story,-0.050044702150012
PCoA_Dim20,Signature directorial style,0.0492137456126756
PCoA_Dim20,The Hero's Journey,0.0489719910045882
PCoA_Dim20,Somber atmosphere,-0.0489528391253307
PCoA_Dim20,Innocent protagonist,-0.0488047666648096
PCoA_Dim20,Heavy Impact of the Soundtrack,-0.048554962016325
PCoA_Dim20,Family Struggles,-0.0483339640972502
PCoA_Dim20,A Black & White,0.0480014922682802
PCoA_Dim20,A Heterosexual Relationship,-0.0479969033091762
PCoA_Dim20,Set in the Future,-0.0467568417106027
PCoA_Dim20,A Lead Worth Cheering For,0.0465890750037977
PCoA_Dim20,Ominous and Chilling,-0.0452163012447498
PCoA_Dim20,"Raw, Unfiltered Dialog",0.0438459380414521
PCoA_Dim20,A Tale of Wartime,0.0436956429086046
PCoA_Dim20,"Dangerous, Risky Behaviors",0.0434231229710072
PCoA_Dim20,Biographical narrative of a historical personality,-0.0426360506959135
PCoA_Dim20,Built Around Humor,0.0409669419976952
PCoA_Dim20,Rich Visual Cinematography,0.040638850854455
PCoA_Dim20,Intricate Stunts,0.0405892530495813
PCoA_Dim20,Focus on Asian Culture,-0.040467352214206
PCoA_Dim20,An Asian-Driven Story,-0.0403579728434408
PCoA_Dim20,Religious themes,-0.0395494986755277
PCoA_Dim20,Ghosts,0.0395260194679245
PCoA_Dim20,An Artist's Story,-0.0395126918282706
PCoA_Dim20,A Life Story,-0.0390049824437267
PCoA_Dim20,Happy Ending,-0.0389602814478784
PCoA_Dim20,Moral Exploration,-0.0385766109428319
PCoA_Dim20,A Group Quest,0.0385417260201982
PCoA_Dim20,Heightened Tension,-0.0385005937694366
PCoA_Dim20,Threatening Wildlife,-0.0383344179875572
PCoA_Dim20,Budding romance,-0.0382574910542435
PCoA_Dim20,The Superhero Prevails,0.03801008841837
PCoA_Dim20,A Tale of Science,-0.0374741708616738
PCoA_Dim20,Biopic,-0.0370011173986142
PCoA_Dim20,A Science Thriller,-0.0357519354428329
PCoA_Dim20,A Formidable Challenge,-0.0356922341765932
PCoA_Dim20,A Feeling of Surprise,-0.0352522508697624
PCoA_Dim20,Visually Beautiful / Immersive,0.0349866334567945
PCoA_Dim20,Young Adventurers,-0.034455158394199
PCoA_Dim20,A Detective Story,0.0339571118771307
PCoA_Dim20,A Futuristic Thriller,-0.0339222589304427
PCoA_Dim20,Unexpected Conclusion,0.0337251701405915
PCoA_Dim20,Changing Life Direction,-0.0335975666487448
PCoA_Dim20,Dialog-Driven,0.0328043018554689
PCoA_Dim20,Melancholy Atmosphere,-0.0327743244450997
PCoA_Dim20,Picture of Idealic Family Life,-0.0323523365162965
PCoA_Dim20,Profound & Reflective,0.0319633983200423
PCoA_Dim20,Philosophical or Intellectual Exploration,-0.0307019903626165
PCoA_Dim20,A Lead with Expertise,0.0306068741538476
PCoA_Dim20,Childhood Narrative,-0.0305000680389036
PCoA_Dim20,Advanced Cinematography and Edit Work,0.0296269668496046
PCoA_Dim20,Supernatural Phenomena,0.0294613375780787
PCoA_Dim20,Relationship Turmoil,-0.0290691344150008
PCoA_Dim20,Childhood Bonds,0.0285661608941528
PCoA_Dim20,A Tech-Centric Narrative,-0.0285443637151565
PCoA_Dim20,Family Restoration,-0.0284436419827597
PCoA_Dim20,Set in France,-0.0274085870114049
PCoA_Dim20,A Tidy Ending,-0.0272713300852589
PCoA_Dim20,Unsettling,0.0269740717047787
PCoA_Dim20,Fast-paced,-0.0262275979395401
PCoA_Dim20,Pursuit of Justice,0.0261203767058792
PCoA_Dim20,Dismal and unsettling tone,-0.0254020092160412
PCoA_Dim20,Brothers or Sisters,0.0250259729861431
PCoA_Dim20,Transformative Make-up,-0.0239878931873736
PCoA_Dim20,A Relentless Chase,0.0230166826341912
PCoA_Dim20,Hostile Gloom,-0.02188199732608
PCoA_Dim20,Averting the Catastrophe,0.0217757005312093
PCoA_Dim20,Violent Crimes,0.0214014544438236
PCoA_Dim20,Cloak-and-Dagger ,-0.0212675493471221
PCoA_Dim20,Formative hardships,-0.0210406736814217
PCoA_Dim20,Enchanted Creatures and Spells,-0.0209082435239607
PCoA_Dim20,A Romantic Dramedy,0.0202817887580619
PCoA_Dim20,Set is East Asia,-0.0202622520372162
PCoA_Dim20,Historical References,-0.020059303894028
PCoA_Dim20,The Great Chase,0.0197224231374604
PCoA_Dim20,Set in Asia,-0.0187748601994632
PCoA_Dim20,Good-Versus-Evil Conflict,0.0187401271179403
PCoA_Dim20,Going after the MacGuffin,-0.0187118107075051
PCoA_Dim20,Family-devoted Protagonist,-0.0179924768431352
PCoA_Dim20,The Underdog Wins,-0.0178172738614646
PCoA_Dim20,Use of Shock Elements,0.0176834630839937
PCoA_Dim20,Extraterrestrial Life,0.0172003152151831
PCoA_Dim20,Classic Fall-Rise Plot Arc,-0.0168408383650078
PCoA_Dim20,A Mainstream Feature,-0.0166219927037227
PCoA_Dim20,The Villian's Story,0.016446118623802
PCoA_Dim20,Set in California,0.0161290646850118
PCoA_Dim20,A Crime Thriller,-0.0161085126756616
PCoA_Dim20,Courtship,-0.0159262961740026
PCoA_Dim20,Coming-of-Age Tale,0.0156305863916449
PCoA_Dim20,A Focus on Mood,-0.0151205324245
PCoA_Dim20,Romantic Triangle,-0.0149135375872602
PCoA_Dim20,Use of Animated CGI,-0.0139234620455333
PCoA_Dim20,The Hero Dies in This One,0.0136033725342742
PCoA_Dim20,Polished and cohesive script,-0.0133668699825871
PCoA_Dim20,Neighborhood story,0.0127464129829207
PCoA_Dim20,Sophisticated Visual Effects Integration,0.0127133962992464
PCoA_Dim20,Will-They-Won't-They Relationship,-0.0125786046838382
PCoA_Dim20,Male Friends and Bonding,0.0124072389310266
PCoA_Dim20,Tender and heartwarming score,-0.0120536771136365
PCoA_Dim20,Predominant Sound Effects,-0.0118944039829531
PCoA_Dim20,A Sci-Fi Adventure,-0.0113536256537996
PCoA_Dim20,Set in Japan,0.0113369312990853
PCoA_Dim20,Somber and Eerie Tone,0.0108990221187341
PCoA_Dim20,Sad Ending,0.0108524238655615
PCoA_Dim20,Coming of Age,-0.0107321940632036
PCoA_Dim20,Music-Rich,-0.0104906926056618
PCoA_Dim20,Intricate Costuming,-0.0103878925744176
PCoA_Dim20,Narrative Originality,0.0102277849480056
PCoA_Dim20,A Law Enforcement Tale,0.0095666391347613
PCoA_Dim20,Island Setting,0.0095458104013407
PCoA_Dim20,Genius Protagonist,0.0095361733831674
PCoA_Dim20,Intellectually Stimulating,0.0087944905193489
PCoA_Dim20,Grappling with Mortality,-0.0085195145610676
PCoA_Dim20,Friends Against the Odds,0.0077781552493258
PCoA_Dim20,A Sense of Repulsiveness,0.0077186745206712
PCoA_Dim20,History-in-the-making,-0.0076546530658777
PCoA_Dim20,Visceral Cinematography,0.0075636017258977
PCoA_Dim20,A Police Thriller,0.0071032275164098
PCoA_Dim20,Deceptive Appearances,-0.0070762079649856
PCoA_Dim20,Set in Los Angeles,-0.0070003655687655
PCoA_Dim20,Use of Heavy Technology,-0.0068407090356045
PCoA_Dim20,Positive and Sentimental,0.0065628897235821
PCoA_Dim20,Spirit-Stirring,-0.0063896537779979
PCoA_Dim20,Intended Fright Response,0.0063107373594563
PCoA_Dim20,A Comic Fantasy,-0.0060727935837032
PCoA_Dim20,A Mother's Arc,-0.0058569601537699
PCoA_Dim20,Heartfelt and Hopeful,-0.0058568165472243
PCoA_Dim20,Feel-Good Narrative,-0.0058499155394085
PCoA_Dim20,The Pre-Modern Era,-0.0058312338665707
PCoA_Dim20,Psychological Suspense,-0.0057608528179271
PCoA_Dim20,A Family Drama,-0.005674387422592
PCoA_Dim20,an early life drama,0.0055680789116236
PCoA_Dim20,A Romantic Drama,0.0053617844221631
PCoA_Dim20,Eerie Score,0.00532335469394
PCoA_Dim20,A Sports Setting,-0.0047798030023681
PCoA_Dim20,Plot Twists!,0.0043140329467978
PCoA_Dim20,Direction-Driven,-0.0040833768425464
PCoA_Dim20,Focus on Culture,0.0034881792988178
PCoA_Dim20,A Spy Thriller,-0.0023459382622783
PCoA_Dim20,Reveral of Fortune,-0.0020404135223864
PCoA_Dim20,Rivalry,-0.0013754568492568
PCoA_Dim20,Psychological Distress,0.0013658021701942
PCoA_Dim20,High-end effects,-0.0005985985298728
PCoA_Dim20,Psychological Crime,0.0004808261664839
PCoA_Dim3,Character-Driven,0.6275130446491022
PCoA_Dim3,A Poignant Mood,0.6109075719584076
PCoA_Dim3,Profound & Reflective,0.5566010326882453
PCoA_Dim3,A Life Story,0.5336293192787911
PCoA_Dim3,Fast-paced,-0.5025928099163319
PCoA_Dim3,Self Discovery,0.4935507098478547
PCoA_Dim3,Masterful acting,0.4895073278270236
PCoA_Dim3,Plot-Centric,-0.4626722328139097
PCoA_Dim3,Energetic Emotional Tone,-0.4509627557480899
PCoA_Dim3,Elegant Dialog and Screenplay,0.445166891554559
PCoA_Dim3,Intellectually Stimulating,0.435889177286825
PCoA_Dim3,A Relentless Chase,-0.434626115091227
PCoA_Dim3,Tender and heartwarming score,0.432644111568912
PCoA_Dim3,Focus on Culture,0.4302358780970918
PCoA_Dim3,Changing Life Direction,0.4260320661804234
PCoA_Dim3,A Romantic Drama,0.4119814605844765
PCoA_Dim3,A Tale of Mourning,0.4104162974129146
PCoA_Dim3,The Great Chase,-0.4079115570554887
PCoA_Dim3,A Focus on Mood,0.4013166292784579
PCoA_Dim3,Positive and Sentimental,0.3998543532509529
PCoA_Dim3,A Focus on the Issues,0.3924939547933244
PCoA_Dim3,Signature directorial style,0.3871746850782102
PCoA_Dim3,Confronting One's Shadow,0.3859716431551273
PCoA_Dim3,"Hardship, Loss, and Healing",0.3729861947511919
PCoA_Dim3,A Family Drama,0.372615067168666
PCoA_Dim3,Melee Combat,-0.3680686154884525
PCoA_Dim3,About a Family,0.3651398749163718
PCoA_Dim3,A Stock Story,-0.364361391470856
PCoA_Dim3,Conquering Adversity,0.3596432991711162
PCoA_Dim3,Psychological Distress,0.3569631895003358
PCoA_Dim3,Heavy Gunplay,-0.3553692934211078
PCoA_Dim3,Budding romance,0.3465593412618647
PCoA_Dim3,Relationship Turmoil,0.3439377280262371
PCoA_Dim3,Music-led Storytelling,0.342925107946877
PCoA_Dim3,Family Struggles,0.3390450619467634
PCoA_Dim3,Averting the Catastrophe,-0.3372012284439525
PCoA_Dim3,Direction-Driven,0.3343586316096239
PCoA_Dim3,History-in-the-making,0.3330755248140763
PCoA_Dim3,A Crime Thriller,-0.3328708481501036
PCoA_Dim3,Heartfelt and Hopeful,0.3290149020440203
PCoA_Dim3,Moral Exploration,0.3236604396035773
PCoA_Dim3,Rich Visual Cinematography,0.3183469035281906
PCoA_Dim3,Relatable Protagonist,0.3179237996625679
PCoA_Dim3,A Group Quest,-0.3128273654211976
PCoA_Dim3,Coming of Age,0.3074854980468405
PCoA_Dim3,Visually Beautiful / Immersive,0.3033358332763022
PCoA_Dim3,Deliberate Visual Authorship,0.3026876792353559
PCoA_Dim3,Courtship,0.3026840606334482
PCoA_Dim3,A Detective Story,-0.2982307124400875
PCoA_Dim3,Explicit Violence and Goriness,-0.2967552014497676
PCoA_Dim3,Good-Versus-Evil Conflict,-0.2961563668921945
PCoA_Dim3,Music-Rich,0.2950231536367866
PCoA_Dim3,A Adventure Comedy,-0.2920525836179268
PCoA_Dim3,"Dangerous, Risky Behaviors",-0.2887036233133642
PCoA_Dim3,Moral Conflict,0.2870454280772162
PCoA_Dim3,Will-They-Won't-They Relationship,0.2862938643713893
PCoA_Dim3,Melancholy Atmosphere,0.2862856436618296
PCoA_Dim3,A Heterosexual Relationship,0.2814374204313521
PCoA_Dim3,Losing One's Love,0.2788783952077999
PCoA_Dim3,Advanced Cinematography and Edit Work,0.2750223426575783
PCoA_Dim3,Biopic,0.2747548152336809
PCoA_Dim3,Use of Heavy Technology,-0.2695870869013084
PCoA_Dim3,Narrative Driven by the Context,0.2659967881326742
PCoA_Dim3,Biographical narrative of a historical personality,0.2657201774372372
PCoA_Dim3,Criminal Underbelly,-0.2647947500354817
PCoA_Dim3,An Artist's Story,0.2626995620548099
PCoA_Dim3,Formative hardships,0.2605859112845241
PCoA_Dim3,Violent Crimes,-0.2576716137761984
PCoA_Dim3,Moral Temptation,0.2564233561308241
PCoA_Dim3,Intricate Stunts,-0.2556069610734202
PCoA_Dim3,an early life drama,0.254745347183492
PCoA_Dim3,Natural splendor,0.2534552810754669
PCoA_Dim3,A Sci-Fi Adventure,-0.2525696656079122
PCoA_Dim3,Parent-Child Narrative,0.2515124417098991
PCoA_Dim3,Sad Ending,0.2510102171560109
PCoA_Dim3,A Feeling of Surprise,-0.2492372844065219
PCoA_Dim3,Sophisticated Visual Effects Integration,-0.2484615512717427
PCoA_Dim3,A Tech-Centric Narrative,-0.2458110902326495
PCoA_Dim3,Visceral Cinematography,0.2446236880989139
PCoA_Dim3,Societal Decline,0.2423780721882967
PCoA_Dim3,Philosophical or Intellectual Exploration,0.2398504441697895
PCoA_Dim3,Childhood Narrative,0.2381475163096132
PCoA_Dim3,Story With a Focus on Gender,0.2379584127385516
PCoA_Dim3,Spirit-Stirring,0.2374033352918255
PCoA_Dim3,A Mother's Arc,0.2341124518193761
PCoA_Dim3,Disadvantaged Social Class,0.2332909873598853
PCoA_Dim3,Heightened Tension,-0.2327065479551275
PCoA_Dim3,Grappling with Mortality,0.2317373600705702
PCoA_Dim3,Moral Redemption,0.2294782357955144
PCoA_Dim3,Set in America,-0.2289185101194753
PCoA_Dim3,Historical References,0.2260142523853384
PCoA_Dim3,A Police Thriller,-0.2250084773685748
PCoA_Dim3,A Futuristic Thriller,-0.2240683256856489
PCoA_Dim3,The Superhero Prevails,-0.2234361978502481
PCoA_Dim3,Nonsensical Comedy,-0.2226430621045187
PCoA_Dim3,Cloak-and-Dagger ,-0.2219478918097998
PCoA_Dim3,The Fine Arts,0.2199003980619384
PCoA_Dim3,Set in Europe,0.2192196883926355
PCoA_Dim3,Narrative Originality,0.2191102574866431
PCoA_Dim3,Feel-Good Narrative,0.2165504704207721
PCoA_Dim3,High-end effects,-0.2163615723911927
PCoA_Dim3,Built Around Humor,-0.2122411453769499
PCoA_Dim3,Emotionally Withdrawn Protagonist,0.2108874898168961
PCoA_Dim3,A Mainstream Feature,-0.2093581693935279
PCoA_Dim3,A Law Enforcement Tale,-0.2044434993420461
PCoA_Dim3,Romantic Triangle,0.2038303138466811
PCoA_Dim3,Active Narrator Voiceover,0.2038033161180758
PCoA_Dim3,A Spy Thriller,-0.2035145187038319
PCoA_Dim3,Perilous Liaison,0.2034339091628343
PCoA_Dim3,A Science Thriller,-0.201866536358221
PCoA_Dim3,Live Performance Arts,0.2016564922100208
PCoA_Dim3,Intended Fright Response,-0.1990235656311332
PCoA_Dim3,Predominant Set Design,0.1970740845726639
PCoA_Dim3,A Buddy Comedy,-0.1965462461535409
PCoA_Dim3,A Lead with Expertise,-0.1963913739308765
PCoA_Dim3,Family Restoration,0.1949577084187472
PCoA_Dim3,The Hero Dies in This One,0.1947055383816082
PCoA_Dim3,To the Rescue,-0.1935269595128935
PCoA_Dim3,Comedic Protagonist,-0.1925614786659914
PCoA_Dim3,Female-centric narrative,0.1922164510526798
PCoA_Dim3,Repeated Setbacks,0.1894731479771496
PCoA_Dim3,Innocent protagonist,0.1885135440786048
PCoA_Dim3,Dialog-Driven,0.1858702646711835
PCoA_Dim3,Suspenseful atmosphere,-0.1824763838446612
PCoA_Dim3,A quest for retribution,-0.1804102108459264
PCoA_Dim3,Use of Shock Elements,-0.1791389514608926
PCoA_Dim3,Somber atmosphere,0.1766008069585528
PCoA_Dim3,A Friendship Drama,0.1746954444602697
PCoA_Dim3,A Romantic Dramedy,0.1717661531304371
PCoA_Dim3,Picture of Idealic Family Life,0.1702449324643206
PCoA_Dim3,Focus on Asian Culture,0.1698012446202944
PCoA_Dim3,A Focus on Feminism,0.1694085657899678
PCoA_Dim3,Predominant Sound Effects,-0.1679164681708644
PCoA_Dim3,Risky Gambit,-0.1677369817032397
PCoA_Dim3,A Father's Arc,0.164885024908352
PCoA_Dim3,Situational Humor,-0.1641604468037239
PCoA_Dim3,Extraterrestrial Life,-0.162528710892403
PCoA_Dim3,Unconventional directorial approach,0.1616451299991622
PCoA_Dim3,The Struggle for Survival,-0.1614349100609788
PCoA_Dim3,The Pre-Modern Era,0.1612709364781158
PCoA_Dim3,A Whodunnit,-0.1609913415611663
PCoA_Dim3,Intricate Costuming,0.1567003570203931
PCoA_Dim3,A Late 20th and Early 21st Century Narrative,-0.1544630450900293
PCoA_Dim3,Pursuit of Justice,-0.1542038020634375
PCoA_Dim3,A Formidable Challenge,-0.1526566006538309
PCoA_Dim3,Plot Twists!,-0.1513199825635725
PCoA_Dim3,Psychological challenges,0.147989770565599
PCoA_Dim3,Happy Ending,-0.1469972136794202
PCoA_Dim3,Mid-20th Century Narrative ,0.1460602310280936
PCoA_Dim3,Political narrative,0.1447575024750398
PCoA_Dim3,Psychologically Unstable Protagonist,0.1438082550113779
PCoA_Dim3,A Tale of Wartime,0.1427218314026552
PCoA_Dim3,Going after the MacGuffin,-0.1403114226901847
PCoA_Dim3,Putting Others Above Oneself,0.1401622918357206
PCoA_Dim3,Brave Protagonist,-0.1367120644939455
PCoA_Dim3,A Tale of Science,-0.1365839342896699
PCoA_Dim3,Rural Story,0.1317648415748235
PCoA_Dim3,Use of non-linear flashbacks,0.1317473527406295
PCoA_Dim3,Family-devoted Protagonist,0.1300390025976239
PCoA_Dim3,Act of treachery,-0.1299325696045221
PCoA_Dim3,The Aristocrats,0.1289937255347162
PCoA_Dim3,Genius Protagonist,-0.1254072361913412
PCoA_Dim3,Female Friends and Bonding,0.1224948670615964
PCoA_Dim3,Set in France,0.1210128992244383
PCoA_Dim3,Real-world satire,-0.1208757300763404
PCoA_Dim3,A Tidy Ending,-0.1207079786903287
PCoA_Dim3,A Black Character-Driven Story,-0.1199514683545948
PCoA_Dim3,A Black & White,0.1198830544233635
PCoA_Dim3,Profound Amazement,0.1194868953114959
PCoA_Dim3,Somber and Eerie Tone,-0.117827416248207
PCoA_Dim3,The Villian's Story,-0.1150728892566454
PCoA_Dim3,Set in California,-0.1145185423836537
PCoA_Dim3,Stories of Imprisonment,0.1126487043981453
PCoA_Dim3,Flawed Protagonist,0.1121272730501397
PCoA_Dim3,The Entertainment Industry,0.1115348152760038
PCoA_Dim3,Religious themes,0.1093705596026272
PCoA_Dim3,A post-2015 narrative,-0.1081735749766646
PCoA_Dim3,Deceptive Appearances,-0.1074533429389414
PCoA_Dim3,Alternative Reality,-0.1071656191919262
PCoA_Dim3,A Lead Worth Cheering For,0.1065975837387345
PCoA_Dim3,A Comic Fantasy,-0.1053164268213763
PCoA_Dim3,Childhood Bonds,0.104589265944397
PCoA_Dim3,Classic Fall-Rise Plot Arc,0.1043609439798018
PCoA_Dim3,Psychological Horror,-0.1035657176611827
PCoA_Dim3,Eerie Score,-0.1034345125660373
PCoA_Dim3,Reveral of Fortune,-0.1030975784837016
PCoA_Dim3,The Post-War Era,0.1021886122952484
PCoA_Dim3,Set in Los Angeles,-0.1020668865232781
PCoA_Dim3,Set in the Future,-0.1016486491385511
PCoA_Dim3,Psychological Suspense,-0.0979820244630034
PCoA_Dim3,"Raw, Unfiltered Dialog",-0.0956682640716553
PCoA_Dim3,Hostile Gloom,0.0930465717740463
PCoA_Dim3,A village story,0.0901824894994303
PCoA_Dim3,Threatening Wildlife,-0.0896037328711041
PCoA_Dim3,Psychological Crime,-0.0853308376357329
PCoA_Dim3,Supernatural Phenomena,-0.0847434669664364
PCoA_Dim3,Heavy Impact of the Soundtrack,0.0844414394921141
PCoA_Dim3,Dismal and unsettling tone,0.082951268635774
PCoA_Dim3,Ominous and Chilling,-0.0820660730473661
PCoA_Dim3,Avarice,-0.0804333606192749
PCoA_Dim3,Friends Against the Odds,0.0788953735287046
PCoA_Dim3,Coming-of-Age Tale,0.0763462439501617
PCoA_Dim3,Enchanted Creatures and Spells,-0.075649138252511
PCoA_Dim3,Set in Asia,0.0735281956590246
PCoA_Dim3,The Hero's Journey,0.0715277381764405
PCoA_Dim3,Set in Japan,0.0705811764043882
PCoA_Dim3,Brothers or Sisters,0.0698193531550648
PCoA_Dim3,Metropolitan story,-0.0679923219873518
PCoA_Dim3,Unexpected Conclusion,-0.0673354951516515
PCoA_Dim3,A Dominant Leader,-0.0663503459137
PCoA_Dim3,An Asian-Driven Story,0.0649914925858626
PCoA_Dim3,Affluent Social Class,0.0634438023606135
PCoA_Dim3,Uneasy Characters,0.0628415784512539
PCoA_Dim3,Set is East Asia,0.0584099871764934
PCoA_Dim3,Set in the UK,0.0555625069391591
PCoA_Dim3,Use of Animated CGI,-0.0491246027012432
PCoA_Dim3,Talking Animals,-0.0475652566185281
PCoA_Dim3,Set in India,0.0458781976885366
PCoA_Dim3,Unsettling,0.043992780434139
PCoA_Dim3,Charming protagonist,0.0399675453027847
PCoA_Dim3,Forest Setting,0.0384501101676588
PCoA_Dim3,The Unraveling of Trust,0.0378492933019737
PCoA_Dim3,A Wholesome Comedy,-0.0356179184201836
PCoA_Dim3,A Sense of Repulsiveness,-0.0275798690975182
PCoA_Dim3,Ghosts,-0.0263505306868518
PCoA_Dim3,Polished and cohesive script,-0.0260093084473933
PCoA_Dim3,Dry Humor Dialogue,-0.0258121352460568
PCoA_Dim3,Dystopian,0.0244072497252435
PCoA_Dim3,A Sports Setting,0.0215130520371246
PCoA_Dim3,Transformative Make-up,-0.0212700543371851
PCoA_Dim3,Dark or Caustic Wit,-0.021238852978889
PCoA_Dim3,The Underdog Wins,0.0203877047289906
PCoA_Dim3,Young Adventurers,0.0196278546224578
PCoA_Dim3,"Positive, Uplifting Emotional Tone",0.0188840875409051
PCoA_Dim3,Eccentric Acting,-0.0156129128365629
PCoA_Dim3,Rivalry,-0.0150511943517085
PCoA_Dim3,Male Friends and Bonding,-0.0150217395436354
PCoA_Dim3,Set in NYC,-0.0138841085495661
PCoA_Dim3,Psychological Manipulation,0.0103807904787175
PCoA_Dim3,Positive Emotional Tone,-0.010324045113754
PCoA_Dim3,Neighborhood story,-0.0103104569985896
PCoA_Dim3,High Medieval Fantasy,0.0100176043022421
PCoA_Dim3,All-ages,0.0080473914571348
PCoA_Dim3,Set in the American South,0.0078909544846311
PCoA_Dim3,Joyful Emotional Expression,0.0068100447050591
PCoA_Dim3,Island Setting,-0.0058407456074112
PCoA_Dim3,A fantastical realm,0.0001435647200037
PCoA_Dim4,Somber and Eerie Tone,-0.467461189124823
PCoA_Dim4,Eerie Score,-0.4436799138557373
PCoA_Dim4,Intended Fright Response,-0.4339548626400861
PCoA_Dim4,Psychological Horror,-0.4184326614246156
PCoA_Dim4,Supernatural Phenomena,-0.4134816052418428
PCoA_Dim4,Parent-Child Narrative,-0.4037108694792284
PCoA_Dim4,Ominous and Chilling,-0.3911070444294314
PCoA_Dim4,Dry Humor Dialogue,0.3872927281329311
PCoA_Dim4,Childhood Narrative,-0.3795662264173248
PCoA_Dim4,About a Family,-0.371493886596366
PCoA_Dim4,Enchanted Creatures and Spells,-0.3705838439040497
PCoA_Dim4,Alternative Reality,-0.3647919822052998
PCoA_Dim4,Formative hardships,-0.3461577902305282
PCoA_Dim4,Criminal Underbelly,0.3338748957205363
PCoA_Dim4,an early life drama,-0.3142556400872203
PCoA_Dim4,A Family Drama,-0.3132266510772618
PCoA_Dim4,A Mother's Arc,-0.3107081031931638
PCoA_Dim4,Family-devoted Protagonist,-0.3099752573587711
PCoA_Dim4,A Sense of Repulsiveness,-0.3012752548174189
PCoA_Dim4,Young Adventurers,-0.294235591629
PCoA_Dim4,Elegant Dialog and Screenplay,0.2931142425736541
PCoA_Dim4,Coming-of-Age Tale,-0.2919566812094941
PCoA_Dim4,A Lead with Expertise,0.2829351730991895
PCoA_Dim4,Avarice,0.2744923125612752
PCoA_Dim4,Political narrative,0.270353162643192
PCoA_Dim4,Unsettling,-0.2699025485633199
PCoA_Dim4,Picture of Idealic Family Life,-0.2667398316748451
PCoA_Dim4,The Struggle for Survival,-0.2666456341905709
PCoA_Dim4,Ghosts,-0.2662669990647454
PCoA_Dim4,Dismal and unsettling tone,-0.2638810606000372
PCoA_Dim4,A Father's Arc,-0.2627711538877514
PCoA_Dim4,Risky Gambit,0.2623897589601192
PCoA_Dim4,Flawed Protagonist,0.2564689589856647
PCoA_Dim4,Threatening Wildlife,-0.2558714902210915
PCoA_Dim4,Dialog-Driven,0.2531866558881747
PCoA_Dim4,Cloak-and-Dagger ,0.2476711444655418
PCoA_Dim4,A Crime Thriller,0.246630132969029
PCoA_Dim4,Predominant Sound Effects,-0.2451024163139341
PCoA_Dim4,Focus on Culture,0.2420558972682897
PCoA_Dim4,Budding romance,0.2406527013666053
PCoA_Dim4,A fantastical realm,-0.2401869882646846
PCoA_Dim4,Genius Protagonist,0.2368897468658693
PCoA_Dim4,Biographical narrative of a historical personality,0.2366840400257164
PCoA_Dim4,Talking Animals,-0.2359061029098449
PCoA_Dim4,All-ages,-0.2345254139181325
PCoA_Dim4,A Spy Thriller,0.2342199433607997
PCoA_Dim4,The Unraveling of Trust,0.2334770382119921
PCoA_Dim4,History-in-the-making,0.231756056800856
PCoA_Dim4,A Romantic Drama,0.229723527025
PCoA_Dim4,Metropolitan story,0.2281283898481098
PCoA_Dim4,Somber atmosphere,-0.2267596649724989
PCoA_Dim4,Coming of Age,-0.2242331380548008
PCoA_Dim4,Male Friends and Bonding,0.2241136554399994
PCoA_Dim4,Masterful acting,0.223250289519731
PCoA_Dim4,A Focus on Mood,-0.2199144878880766
PCoA_Dim4,A Police Thriller,0.2196288956888619
PCoA_Dim4,A Detective Story,0.2194202142754114
PCoA_Dim4,A Wholesome Comedy,-0.2164291658650942
PCoA_Dim4,Courtship,0.2154364192494711
PCoA_Dim4,Heavy Gunplay,0.2120324550282401
PCoA_Dim4,Rivalry,0.2108258575254026
PCoA_Dim4,Pursuit of Justice,0.210196443128928
PCoA_Dim4,Perilous Liaison,0.2067109635699037
PCoA_Dim4,Forest Setting,-0.2065554072272359
PCoA_Dim4,Moral Conflict,0.2061919753877569
PCoA_Dim4,Will-They-Won't-They Relationship,0.2038890596176568
PCoA_Dim4,Melancholy Atmosphere,-0.2023858289948696
PCoA_Dim4,Act of treachery,0.2005814630574002
PCoA_Dim4,Dark or Caustic Wit,0.1983803090806716
PCoA_Dim4,Biopic,0.1951001724903023
PCoA_Dim4,Affluent Social Class,0.1949817914670424
PCoA_Dim4,A Law Enforcement Tale,0.1916409649196663
PCoA_Dim4,Intricate Stunts,0.1894986533243242
PCoA_Dim4,Family Struggles,-0.1891233311151613
PCoA_Dim4,The Fine Arts,0.1859824235172034
PCoA_Dim4,Real-world satire,0.1835420778839296
PCoA_Dim4,Stories of Imprisonment,-0.1835337957818225
PCoA_Dim4,Childhood Bonds,-0.1834792027469304
PCoA_Dim4,Moral Temptation,0.1790838531135107
PCoA_Dim4,Romantic Triangle,0.1782928414653108
PCoA_Dim4,"Raw, Unfiltered Dialog",0.1778893382540782
PCoA_Dim4,Female-centric narrative,-0.1777925185552192
PCoA_Dim4,Moral Exploration,0.175914554751465
PCoA_Dim4,A Romantic Dramedy,0.1752016997549565
PCoA_Dim4,Uneasy Characters,-0.1751714743209386
PCoA_Dim4,High Medieval Fantasy,-0.1741796865084997
PCoA_Dim4,The Entertainment Industry,0.173584811308014
PCoA_Dim4,Fast-paced,0.17133890575274
PCoA_Dim4,A Sci-Fi Adventure,-0.1713047323014807
PCoA_Dim4,Family Restoration,-0.1710635545977741
PCoA_Dim4,Transformative Make-up,-0.1691522900153687
PCoA_Dim4,Signature directorial style,0.1690164625504288
PCoA_Dim4,Use of Animated CGI,-0.1679510847247275
PCoA_Dim4,A Futuristic Thriller,-0.1660475955878071
PCoA_Dim4,A Life Story,0.165985331827984
PCoA_Dim4,Suspenseful atmosphere,-0.1654952755404845
PCoA_Dim4,A Comic Fantasy,-0.1650416607463667
PCoA_Dim4,Brothers or Sisters,-0.1630280554430291
PCoA_Dim4,Situational Humor,0.160837446226577
PCoA_Dim4,Historical References,0.158609840769368
PCoA_Dim4,Psychological Distress,-0.1580762847949123
PCoA_Dim4,To the Rescue,-0.1570479980438207
PCoA_Dim4,A Dominant Leader,0.1548477730458782
PCoA_Dim4,A Science Thriller,-0.1531480472752617
PCoA_Dim4,Neighborhood story,-0.1515123495410201
PCoA_Dim4,Dystopian,-0.1497839433815301
PCoA_Dim4,Violent Crimes,0.1489902730596429
PCoA_Dim4,A Tale of Mourning,-0.1467967123012161
PCoA_Dim4,Comedic Protagonist,0.146685179948498
PCoA_Dim4,Built Around Humor,0.1456158107507316
PCoA_Dim4,Focus on Asian Culture,0.1446945593308436
PCoA_Dim4,Advanced Cinematography and Edit Work,0.1429257445955568
PCoA_Dim4,Character-Driven,0.1417619171070281
PCoA_Dim4,Intricate Costuming,0.1415480754901108
PCoA_Dim4,Psychological challenges,-0.1413615987156631
PCoA_Dim4,An Artist's Story,0.1413609026055588
PCoA_Dim4,The Post-War Era,0.1409319656110971
PCoA_Dim4,Sophisticated Visual Effects Integration,-0.1401482412348144
PCoA_Dim4,Rural Story,-0.1384364874016917
PCoA_Dim4,Relationship Turmoil,0.1383094764819591
PCoA_Dim4,Philosophical or Intellectual Exploration,0.1378307861791685
PCoA_Dim4,Heavy Impact of the Soundtrack,0.1340778764222945
PCoA_Dim4,Extraterrestrial Life,-0.1318609548950022
PCoA_Dim4,A Focus on the Issues,0.1295754692657487
PCoA_Dim4,Feel-Good Narrative,-0.1294400862760946
PCoA_Dim4,A Black & White,0.1274091313437441
PCoA_Dim4,Profound Amazement,-0.1266983875834184
PCoA_Dim4,Live Performance Arts,0.1263034609414022
PCoA_Dim4,Intellectually Stimulating,0.1244466915106919
PCoA_Dim4,Relatable Protagonist,-0.1204600862960151
PCoA_Dim4,Energetic Emotional Tone,0.1200351610747739
PCoA_Dim4,Plot Twists!,0.1174090199761359
PCoA_Dim4,Spirit-Stirring,-0.1125199758090473
PCoA_Dim4,Repeated Setbacks,-0.1124352908656483
PCoA_Dim4,Rich Visual Cinematography,0.1123336283597358
PCoA_Dim4,Reveral of Fortune,0.1121899662576604
PCoA_Dim4,Profound & Reflective,0.1114936556386176
PCoA_Dim4,An Asian-Driven Story,0.1114429356831371
PCoA_Dim4,Heartfelt and Hopeful,-0.1106794547063268
PCoA_Dim4,Mid-20th Century Narrative ,0.1095683905660736
PCoA_Dim4,Music-Rich,0.1091196353470994
PCoA_Dim4,Use of Shock Elements,-0.1081509233774719
PCoA_Dim4,Set in NYC,0.1081414396097032
PCoA_Dim4,Psychologically Unstable Protagonist,-0.1080769067745643
PCoA_Dim4,Set in Los Angeles,0.1080366198027121
PCoA_Dim4,A Heterosexual Relationship,0.1076418384703551
PCoA_Dim4,Good-Versus-Evil Conflict,-0.1074796922835637
PCoA_Dim4,"Dangerous, Risky Behaviors",0.1064350134457405
PCoA_Dim4,Polished and cohesive script,0.1063903967627684
PCoA_Dim4,Psychological Crime,0.1049017334162398
PCoA_Dim4,Set in France,0.1041569890353806
PCoA_Dim4,The Villian's Story,-0.1009409961097729
PCoA_Dim4,A post-2015 narrative,-0.1006429084269679
PCoA_Dim4,Set in the Future,-0.1002007990811
PCoA_Dim4,Grappling with Mortality,-0.0997831061945812
PCoA_Dim4,Unconventional directorial approach,0.0989320477784498
PCoA_Dim4,A Tale of Science,-0.0983763655996353
PCoA_Dim4,A Whodunnit,0.0957921907881327
PCoA_Dim4,Set in Asia,0.0957862673069418
PCoA_Dim4,The Great Chase,0.0953788245686227
PCoA_Dim4,High-end effects,-0.0936005039058172
PCoA_Dim4,Psychological Manipulation,0.0926515484845795
PCoA_Dim4,The Pre-Modern Era,0.0912792522301776
PCoA_Dim4,Positive and Sentimental,-0.0900799856366475
PCoA_Dim4,Visually Beautiful / Immersive,0.0893472023575532
PCoA_Dim4,Emotionally Withdrawn Protagonist,0.0888141362075738
PCoA_Dim4,A quest for retribution,0.0879308470873114
PCoA_Dim4,Direction-Driven,0.0870335970558436
PCoA_Dim4,Heightened Tension,-0.0863772603460315
PCoA_Dim4,Religious themes,-0.0858149451901065
PCoA_Dim4,A village story,-0.0855616332230883
PCoA_Dim4,Set is East Asia,0.0855145007774386
PCoA_Dim4,"Hardship, Loss, and Healing",-0.0853690968522159
PCoA_Dim4,"Positive, Uplifting Emotional Tone",-0.0851743826018259
PCoA_Dim4,Natural splendor,-0.0847436134808878
PCoA_Dim4,Societal Decline,0.0843507156324288
PCoA_Dim4,Set in India,0.0835686737121214
PCoA_Dim4,Eccentric Acting,0.0834988334982923
PCoA_Dim4,Female Friends and Bonding,-0.0814652830654725
PCoA_Dim4,Set in Europe,0.0791182950565279
PCoA_Dim4,Melee Combat,0.0765467893082922
PCoA_Dim4,Set in California,0.0753236426600303
PCoA_Dim4,Story With a Focus on Gender,0.0736637405974769
PCoA_Dim4,A Poignant Mood,0.0728719222067388
PCoA_Dim4,A Tale of Wartime,0.0717431156247519
PCoA_Dim4,Visceral Cinematography,0.0706741565705083
PCoA_Dim4,Joyful Emotional Expression,-0.0696730188244066
PCoA_Dim4,A Friendship Drama,0.0694649488105363
PCoA_Dim4,Moral Redemption,0.0666581065786454
PCoA_Dim4,Active Narrator Voiceover,0.0647496222518088
PCoA_Dim4,A Tidy Ending,0.0643339118470711
PCoA_Dim4,A Black Character-Driven Story,0.0618256949377195
PCoA_Dim4,Deceptive Appearances,0.0617986318688876
PCoA_Dim4,Disadvantaged Social Class,0.0611808510020844
PCoA_Dim4,Tender and heartwarming score,-0.0593870964602455
PCoA_Dim4,A Late 20th and Early 21st Century Narrative,0.05938096055721
PCoA_Dim4,Going after the MacGuffin,-0.0576440969483533
PCoA_Dim4,A Formidable Challenge,-0.0575081316840844
PCoA_Dim4,Hostile Gloom,-0.0570582528094945
PCoA_Dim4,A Group Quest,0.056486495088079
PCoA_Dim4,Positive Emotional Tone,-0.0550086121236141
PCoA_Dim4,Innocent protagonist,-0.0512898287615814
PCoA_Dim4,Nonsensical Comedy,0.0512279065396768
PCoA_Dim4,A Tech-Centric Narrative,-0.0481651660226271
PCoA_Dim4,Set in the UK,0.0479510540344774
PCoA_Dim4,Narrative Driven by the Context,-0.0472028795968296
PCoA_Dim4,Averting the Catastrophe,-0.0464022266257682
PCoA_Dim4,Music-led Storytelling,0.0452936192900053
PCoA_Dim4,A Sports Setting,0.042035211462358
PCoA_Dim4,Losing One's Love,-0.0381523307524916
PCoA_Dim4,A Relentless Chase,0.0375020923187551
PCoA_Dim4,A Focus on Feminism,-0.0363047331669405
PCoA_Dim4,The Underdog Wins,0.0343014222342873
PCoA_Dim4,Sad Ending,-0.0330006432745358
PCoA_Dim4,Use of non-linear flashbacks,-0.0321686597578712
PCoA_Dim4,Classic Fall-Rise Plot Arc,0.0320425473583532
PCoA_Dim4,Self Discovery,-0.031897762196652
PCoA_Dim4,A Mainstream Feature,0.0314120938904585
PCoA_Dim4,Psychological Suspense,-0.0297114189895017
PCoA_Dim4,The Aristocrats,0.0294764844961734
PCoA_Dim4,A Buddy Comedy,0.0286415753972683
PCoA_Dim4,Island Setting,-0.0284573985478858
PCoA_Dim4,Brave Protagonist,-0.0278113171343297
PCoA_Dim4,Explicit Violence and Goriness,-0.0263700707833187
PCoA_Dim4,Conquering Adversity,-0.0262345176702569
PCoA_Dim4,Charming protagonist,-0.0228709090694829
PCoA_Dim4,The Superhero Prevails,-0.0218967579525485
PCoA_Dim4,Unexpected Conclusion,0.0211305970047116
PCoA_Dim4,Set in America,-0.0207668714652778
PCoA_Dim4,Predominant Set Design,-0.0206682626595835
PCoA_Dim4,A Lead Worth Cheering For,-0.0194323236950153
PCoA_Dim4,Changing Life Direction,-0.0188720822832642
PCoA_Dim4,A Feeling of Surprise,-0.0185525465623784
PCoA_Dim4,Narrative Originality,-0.0183156457912805
PCoA_Dim4,The Hero's Journey,-0.018273002197296
PCoA_Dim4,The Hero Dies in This One,0.0174240465113563
PCoA_Dim4,Plot-Centric,0.0147202325241338
PCoA_Dim4,Friends Against the Odds,0.0124101307738994
PCoA_Dim4,Use of Heavy Technology,-0.011514594354913
PCoA_Dim4,Set in Japan,0.0104355156918035
PCoA_Dim4,Set in the American South,-0.0084535267075997
PCoA_Dim4,A Adventure Comedy,0.0083578591652219
PCoA_Dim4,Deliberate Visual Authorship,-0.0080682990092627
PCoA_Dim4,Happy Ending,0.0052182415800766
PCoA_Dim4,Putting Others Above Oneself,-0.0026738517117815
PCoA_Dim4,Confronting One's Shadow,-0.0026530278397933
PCoA_Dim4,A Stock Story,0.0013858567234542
PCoA_Dim5,Family-devoted Protagonist,-0.4392573681967174
PCoA_Dim5,Parent-Child Narrative,-0.4152846217687414
PCoA_Dim5,About a Family,-0.4126168915569488
PCoA_Dim5,Narrative Originality,0.3954094935100127
PCoA_Dim5,A Family Drama,-0.3829982581600862
PCoA_Dim5,Unconventional directorial approach,0.3681333581830743
PCoA_Dim5,Alternative Reality,0.3601858354083003
PCoA_Dim5,Family Struggles,-0.3576598566418338
PCoA_Dim5,A Father's Arc,-0.3529320344472051
PCoA_Dim5,Deliberate Visual Authorship,0.3290426103651437
PCoA_Dim5,Enchanted Creatures and Spells,0.3252687501267476
PCoA_Dim5,Conquering Adversity,-0.3212212518257175
PCoA_Dim5,Direction-Driven,0.3107419124948107
PCoA_Dim5,A Crime Thriller,-0.3071096309718166
PCoA_Dim5,Predominant Set Design,0.3068351733481106
PCoA_Dim5,Transformative Make-up,0.2992033581192662
PCoA_Dim5,A fantastical realm,0.2888152284049377
PCoA_Dim5,Pursuit of Justice,-0.288102276387117
PCoA_Dim5,Supernatural Phenomena,0.2848508901533569
PCoA_Dim5,Signature directorial style,0.2843969850142518
PCoA_Dim5,A Tale of Mourning,-0.2820919637061845
PCoA_Dim5,Criminal Underbelly,-0.2810487404825694
PCoA_Dim5,Visually Beautiful / Immersive,0.2803676559435981
PCoA_Dim5,Relatable Protagonist,-0.2793932785617635
PCoA_Dim5,Set in America,-0.2744840865675393
PCoA_Dim5,A Formidable Challenge,-0.2737082697784399
PCoA_Dim5,Violent Crimes,-0.2729828224313227
PCoA_Dim5,Rich Visual Cinematography,0.2716896689302486
PCoA_Dim5,Narrative Driven by the Context,0.27067906912808
PCoA_Dim5,Family Restoration,-0.268627413337029
PCoA_Dim5,Profound Amazement,0.2682833546317473
PCoA_Dim5,"Hardship, Loss, and Healing",-0.266583102804851
PCoA_Dim5,A Lead Worth Cheering For,-0.2652904557042366
PCoA_Dim5,Intricate Costuming,0.2644336173679605
PCoA_Dim5,A Mother's Arc,-0.2609691682246969
PCoA_Dim5,Music-led Storytelling,0.2606061284753961
PCoA_Dim5,Picture of Idealic Family Life,-0.2461073706798467
PCoA_Dim5,Flawed Protagonist,-0.2447118720054447
PCoA_Dim5,Moral Redemption,-0.2433283284979665
PCoA_Dim5,Nonsensical Comedy,0.2375544110432448
PCoA_Dim5,Classic Fall-Rise Plot Arc,-0.2369374577120478
PCoA_Dim5,Changing Life Direction,-0.2345799051304088
PCoA_Dim5,Somber and Eerie Tone,0.2320151135820004
PCoA_Dim5,Eerie Score,0.2319968595988943
PCoA_Dim5,Music-Rich,0.2299407823091873
PCoA_Dim5,Brave Protagonist,-0.2282582423240856
PCoA_Dim5,Formative hardships,-0.2258615228374444
PCoA_Dim5,Set in Europe,0.2247860972539874
PCoA_Dim5,A Police Thriller,-0.2230941737655973
PCoA_Dim5,The Fine Arts,0.2212329069673752
PCoA_Dim5,A Comic Fantasy,0.2190295273118408
PCoA_Dim5,A Late 20th and Early 21st Century Narrative,-0.2155558599431531
PCoA_Dim5,The Unraveling of Trust,-0.2141685241319423
PCoA_Dim5,an early life drama,-0.21351239806781
PCoA_Dim5,Eccentric Acting,0.2128811157926604
PCoA_Dim5,High Medieval Fantasy,0.2036707887065698
PCoA_Dim5,Heavy Gunplay,-0.2020928057670448
PCoA_Dim5,"Raw, Unfiltered Dialog",-0.1971031442476154
PCoA_Dim5,Childhood Narrative,-0.1959145978533707
PCoA_Dim5,Polished and cohesive script,-0.195392335784673
PCoA_Dim5,Psychological Crime,-0.1949320664424008
PCoA_Dim5,Real-world satire,0.194692770746353
PCoA_Dim5,Dark or Caustic Wit,0.193894047961791
PCoA_Dim5,A Law Enforcement Tale,-0.1917796971912788
PCoA_Dim5,Moral Conflict,-0.1916566530455828
PCoA_Dim5,The Hero's Journey,-0.1898512748636639
PCoA_Dim5,A Friendship Drama,-0.1891905598238807
PCoA_Dim5,A Tidy Ending,-0.1846803501711268
PCoA_Dim5,The Aristocrats,0.1840498709067354
PCoA_Dim5,A Sense of Repulsiveness,0.1814809722767736
PCoA_Dim5,Philosophical or Intellectual Exploration,0.1796486782628043
PCoA_Dim5,Psychological Horror,0.1794422510239604
PCoA_Dim5,A Detective Story,-0.1774092392655165
PCoA_Dim5,Predominant Sound Effects,0.1770687646189364
PCoA_Dim5,Threatening Wildlife,0.1701368833531654
PCoA_Dim5,Visceral Cinematography,0.1689501399279128
PCoA_Dim5,Losing One's Love,-0.1673133089508258
PCoA_Dim5,Psychological Distress,-0.166306784852359
PCoA_Dim5,A Life Story,-0.1653869251395627
PCoA_Dim5,Act of treachery,-0.1641581185767813
PCoA_Dim5,Live Performance Arts,0.1636733784889361
PCoA_Dim5,High-end effects,0.162912058000902
PCoA_Dim5,A Focus on Mood,0.1622418309779345
PCoA_Dim5,Built Around Humor,0.1621274640664844
PCoA_Dim5,Risky Gambit,-0.1609770807286044
PCoA_Dim5,Confronting One's Shadow,-0.1608363537853621
PCoA_Dim5,Elegant Dialog and Screenplay,0.1586241711535172
PCoA_Dim5,Brothers or Sisters,-0.1586073127360766
PCoA_Dim5,Advanced Cinematography and Edit Work,0.1581884927610863
PCoA_Dim5,Repeated Setbacks,-0.1549406334676014
PCoA_Dim5,Coming of Age,-0.1500975467012073
PCoA_Dim5,Self Discovery,-0.1498726532908226
PCoA_Dim5,Male Friends and Bonding,-0.1495480740681204
PCoA_Dim5,Ghosts,0.1493246041299691
PCoA_Dim5,A quest for retribution,-0.1486100611589624
PCoA_Dim5,Extraterrestrial Life,0.1463061572844078
PCoA_Dim5,The Underdog Wins,-0.1451525350427693
PCoA_Dim5,The Entertainment Industry,0.1430200610230948
PCoA_Dim5,Moral Exploration,-0.1428062458063983
PCoA_Dim5,The Pre-Modern Era,0.1421927609205497
PCoA_Dim5,A Lead with Expertise,-0.1420351786221405
PCoA_Dim5,A Sports Setting,-0.1417164005804218
PCoA_Dim5,Neighborhood story,-0.137435852131022
PCoA_Dim5,Feel-Good Narrative,-0.136418696896248
PCoA_Dim5,A Sci-Fi Adventure,0.1351831432099847
PCoA_Dim5,A Mainstream Feature,-0.1351717194632885
PCoA_Dim5,Childhood Bonds,-0.1330653493674334
PCoA_Dim5,A Adventure Comedy,0.1327248011364
PCoA_Dim5,The Great Chase,-0.1314655088237899
PCoA_Dim5,Set in France,0.1305703325457209
PCoA_Dim5,Spirit-Stirring,-0.1298282900285363
PCoA_Dim5,Avarice,-0.1257466842338479
PCoA_Dim5,Character-Driven,-0.1253133412949873
PCoA_Dim5,Talking Animals,0.125032897171598
PCoA_Dim5,Intended Fright Response,0.1235835852967341
PCoA_Dim5,A Relentless Chase,-0.1231943535202276
PCoA_Dim5,Dry Humor Dialogue,0.1226492449248085
PCoA_Dim5,Set in the UK,0.1226414447578773
PCoA_Dim5,A Feeling of Surprise,0.1220507111564591
PCoA_Dim5,A Black Character-Driven Story,-0.1196977256235135
PCoA_Dim5,Situational Humor,0.1192680505001501
PCoA_Dim5,An Artist's Story,0.119060726408879
PCoA_Dim5,Putting Others Above Oneself,-0.1186257542768064
PCoA_Dim5,Ominous and Chilling,0.1171004886583633
PCoA_Dim5,Set in the American South,-0.1168549211360208
PCoA_Dim5,Courtship,0.1160887979446133
PCoA_Dim5,Psychological Suspense,-0.1141122493664641
PCoA_Dim5,Happy Ending,-0.1121823881368676
PCoA_Dim5,Biopic,-0.1093247124435894
PCoA_Dim5,Intellectually Stimulating,0.1088029227942717
PCoA_Dim5,A Black & White,0.1067367593756416
PCoA_Dim5,Emotionally Withdrawn Protagonist,-0.1032161749896689
PCoA_Dim5,Positive and Sentimental,-0.1024206056329705
PCoA_Dim5,Melee Combat,-0.1020388250458448
PCoA_Dim5,Natural splendor,0.0995835133918675
PCoA_Dim5,A Stock Story,-0.0990841395969666
PCoA_Dim5,Disadvantaged Social Class,-0.0990502978457591
PCoA_Dim5,Dystopian,0.0988878460142077
PCoA_Dim5,Set in India,-0.0986110815491594
PCoA_Dim5,A Futuristic Thriller,0.0983335142388447
PCoA_Dim5,The Villian's Story,0.0977281697641578
PCoA_Dim5,Set in the Future,0.0959949984461955
PCoA_Dim5,Set in California,-0.0955886093333259
PCoA_Dim5,Metropolitan story,-0.0951318729468203
PCoA_Dim5,Charming protagonist,-0.0941179029898039
PCoA_Dim5,A Tale of Science,0.0919006323129782
PCoA_Dim5,Dialog-Driven,0.091857933601042
PCoA_Dim5,Sophisticated Visual Effects Integration,0.090878065417377
PCoA_Dim5,Dismal and unsettling tone,0.0895498979892273
PCoA_Dim5,Forest Setting,0.0893294349870353
PCoA_Dim5,Coming-of-Age Tale,-0.0881425050707267
PCoA_Dim5,Set in NYC,-0.0860148387689842
PCoA_Dim5,Will-They-Won't-They Relationship,0.0844236202463091
PCoA_Dim5,Intricate Stunts,-0.0832026912773305
PCoA_Dim5,A Spy Thriller,-0.0830965270571137
PCoA_Dim5,Use of Animated CGI,0.0830605450922802
PCoA_Dim5,Set in Los Angeles,-0.0819636725296375
PCoA_Dim5,A Whodunnit,-0.0817058311266099
PCoA_Dim5,A Science Thriller,0.0812789806041358
PCoA_Dim5,Heartfelt and Hopeful,-0.0804879410466117
PCoA_Dim5,Romantic Triangle,0.0784686706026389
PCoA_Dim5,Unsettling,0.0781029252699398
PCoA_Dim5,Hostile Gloom,-0.0766806793549733
PCoA_Dim5,Comedic Protagonist,0.076417106684637
PCoA_Dim5,Relationship Turmoil,-0.075062773865109
PCoA_Dim5,Perilous Liaison,0.0738895387348873
PCoA_Dim5,Budding romance,0.0731729076706613
PCoA_Dim5,Friends Against the Odds,-0.0725877571717387
PCoA_Dim5,Cloak-and-Dagger ,-0.0719684034930068
PCoA_Dim5,To the Rescue,-0.071741914108049
PCoA_Dim5,Heightened Tension,-0.0698592506944016
PCoA_Dim5,"Dangerous, Risky Behaviors",-0.0697826351852077
PCoA_Dim5,A Poignant Mood,-0.0690579206698037
PCoA_Dim5,Explicit Violence and Goriness,-0.0681766444332644
PCoA_Dim5,Psychological Manipulation,-0.0680726079899951
PCoA_Dim5,Rivalry,-0.06799108594337
PCoA_Dim5,Religious themes,0.0678649365794168
PCoA_Dim5,Female-centric narrative,0.0669911693516848
PCoA_Dim5,Societal Decline,0.066982988025532
PCoA_Dim5,Innocent protagonist,0.0661879555637468
PCoA_Dim5,Use of non-linear flashbacks,-0.0656023391937383
PCoA_Dim5,Sad Ending,0.0653715793803552
PCoA_Dim5,The Struggle for Survival,-0.0637511676583185
PCoA_Dim5,A Tech-Centric Narrative,0.0625712636972913
PCoA_Dim5,Affluent Social Class,0.0620684370783372
PCoA_Dim5,Set in Japan,0.0618188045258182
PCoA_Dim5,Island Setting,0.0598117885821678
PCoA_Dim5,A village story,-0.0597068355734822
PCoA_Dim5,A Romantic Drama,0.059274446401919
PCoA_Dim5,A Focus on the Issues,-0.0589707960465661
PCoA_Dim5,Grappling with Mortality,-0.0578780585393967
PCoA_Dim5,A Romantic Dramedy,0.0530136379792583
PCoA_Dim5,Active Narrator Voiceover,0.0513826462465513
PCoA_Dim5,A Focus on Feminism,-0.0511311186777829
PCoA_Dim5,Joyful Emotional Expression,0.050844755305745
PCoA_Dim5,Deceptive Appearances,0.0489566146152625
PCoA_Dim5,Mid-20th Century Narrative ,0.0483377161904719
PCoA_Dim5,Positive Emotional Tone,0.04824119321693
PCoA_Dim5,Melancholy Atmosphere,0.0478652286556692
PCoA_Dim5,Female Friends and Bonding,-0.0450024386239854
PCoA_Dim5,A Tale of Wartime,0.0445772890265744
PCoA_Dim5,Unexpected Conclusion,0.042634037787177
PCoA_Dim5,Going after the MacGuffin,0.0423053466121975
PCoA_Dim5,A Wholesome Comedy,-0.0418384393367372
PCoA_Dim5,A post-2015 narrative,-0.0412668214580594
PCoA_Dim5,Biographical narrative of a historical personality,-0.0406289624062831
PCoA_Dim5,A Dominant Leader,0.0398585921973864
PCoA_Dim5,Somber atmosphere,0.0387125918021413
PCoA_Dim5,Psychologically Unstable Protagonist,0.0382278109290235
PCoA_Dim5,The Hero Dies in This One,0.0366245323011687
PCoA_Dim5,Profound & Reflective,-0.0365151124010736
PCoA_Dim5,Suspenseful atmosphere,-0.0364570824545394
PCoA_Dim5,Uneasy Characters,-0.0352253813842691
PCoA_Dim5,The Superhero Prevails,0.0346790462130714
PCoA_Dim5,Set is East Asia,0.0342542064386278
PCoA_Dim5,Genius Protagonist,-0.0336022757899438
PCoA_Dim5,Stories of Imprisonment,0.033270524327077
PCoA_Dim5,Heavy Impact of the Soundtrack,0.0306597004861996
PCoA_Dim5,Averting the Catastrophe,0.0294675583989933
PCoA_Dim5,Historical References,0.0288933872667719
PCoA_Dim5,Fast-paced,-0.0283860917441809
PCoA_Dim5,Moral Temptation,-0.0276702236935333
PCoA_Dim5,Masterful acting,-0.0265102599902686
PCoA_Dim5,Young Adventurers,-0.0258185372204812
PCoA_Dim5,A Buddy Comedy,0.0254933195524804
PCoA_Dim5,An Asian-Driven Story,-0.0253918713474569
PCoA_Dim5,Political narrative,-0.0245466365162599
PCoA_Dim5,Story With a Focus on Gender,0.0239635858055719
PCoA_Dim5,The Post-War Era,0.0236115227825997
PCoA_Dim5,Plot Twists!,-0.0214047938980436
PCoA_Dim5,Focus on Culture,-0.019355029587169
PCoA_Dim5,Reveral of Fortune,-0.0175807926500986
PCoA_Dim5,Use of Heavy Technology,0.017135599874291
PCoA_Dim5,A Heterosexual Relationship,0.0169645984364513
PCoA_Dim5,Psychological challenges,-0.016437464649647
PCoA_Dim5,All-ages,0.0158527040013366
PCoA_Dim5,Plot-Centric,-0.0156873818059426
PCoA_Dim5,Use of Shock Elements,0.0148468084981227
PCoA_Dim5,A Group Quest,0.0147635413016089
PCoA_Dim5,Set in Asia,0.0136217344735287
PCoA_Dim5,Focus on Asian Culture,-0.0105911699720519
PCoA_Dim5,History-in-the-making,-0.0083796354436873
PCoA_Dim5,"Positive, Uplifting Emotional Tone",0.0083346863658236
PCoA_Dim5,Rural Story,0.0074449615390981
PCoA_Dim5,Tender and heartwarming score,-0.005823371682328
PCoA_Dim5,Good-Versus-Evil Conflict,0.0026061607819846
PCoA_Dim5,Energetic Emotional Tone,-0.0017208205417297
PCoA_Dim6,Dialog-Driven,0.442352023552592
PCoA_Dim6,Plot Twists!,0.4226185299346727
PCoA_Dim6,Reveral of Fortune,0.4220249370025422
PCoA_Dim6,A Feeling of Surprise,0.4113921155985368
PCoA_Dim6,Dry Humor Dialogue,0.410638779338517
PCoA_Dim6,Situational Humor,0.4088398320703931
PCoA_Dim6,Deceptive Appearances,0.3937688855017585
PCoA_Dim6,Built Around Humor,0.37794272617232
PCoA_Dim6,Unexpected Conclusion,0.362461072892895
PCoA_Dim6,Psychological Crime,0.3542351027663601
PCoA_Dim6,Comedic Protagonist,0.351526758448405
PCoA_Dim6,History-in-the-making,-0.3416208434745486
PCoA_Dim6,A Tale of Wartime,-0.3394353381725534
PCoA_Dim6,Eccentric Acting,0.3244038889344535
PCoA_Dim6,Joyful Emotional Expression,0.3083476913934361
PCoA_Dim6,Positive Emotional Tone,0.307640315894823
PCoA_Dim6,Psychological Suspense,0.3053305313093759
PCoA_Dim6,Set in America,0.2995839712653419
PCoA_Dim6,Nonsensical Comedy,0.2995259669344797
PCoA_Dim6,Use of Shock Elements,0.2975247597077325
PCoA_Dim6,Set in Asia,-0.2972882565485679
PCoA_Dim6,A Whodunnit,0.2972364212464072
PCoA_Dim6,A Crime Thriller,0.2837884924293324
PCoA_Dim6,"Positive, Uplifting Emotional Tone",0.282658411513616
PCoA_Dim6,A Detective Story,0.2816982691465762
PCoA_Dim6,Historical References,-0.2794441236611233
PCoA_Dim6,Psychological Manipulation,0.2752623577952255
PCoA_Dim6,Set is East Asia,-0.2725177980940757
PCoA_Dim6,Narrative Originality,0.2717881072281936
PCoA_Dim6,Character-Driven,0.2668509095819901
PCoA_Dim6,Biographical narrative of a historical personality,-0.2558945309980763
PCoA_Dim6,Masterful acting,0.2540523431926603
PCoA_Dim6,A Wholesome Comedy,0.2483523825491398
PCoA_Dim6,Real-world satire,0.2477081386224694
PCoA_Dim6,The Unraveling of Trust,0.2472243336591044
PCoA_Dim6,An Asian-Driven Story,-0.2420877211523866
PCoA_Dim6,Heavy Impact of the Soundtrack,0.2420702294150404
PCoA_Dim6,Feel-Good Narrative,0.2419685751051151
PCoA_Dim6,A Adventure Comedy,0.2401373397154409
PCoA_Dim6,Music-Rich,0.239092608170514
PCoA_Dim6,A Mainstream Feature,0.2377101028476359
PCoA_Dim6,Dark or Caustic Wit,0.2363965414020369
PCoA_Dim6,A Romantic Dramedy,0.2296442336351545
PCoA_Dim6,Biopic,-0.2282805980230643
PCoA_Dim6,A Buddy Comedy,0.2269431337911701
PCoA_Dim6,Direction-Driven,0.2266446892787911
PCoA_Dim6,Signature directorial style,0.2236886209713429
PCoA_Dim6,Self Discovery,0.2222646072541402
PCoA_Dim6,Political narrative,-0.2200121631203806
PCoA_Dim6,A Police Thriller,0.2169247284169146
PCoA_Dim6,A Heterosexual Relationship,0.2110334928004519
PCoA_Dim6,Family Struggles,0.2103997157558689
PCoA_Dim6,Unconventional directorial approach,0.2073525063997639
PCoA_Dim6,Heartfelt and Hopeful,0.2008489359597503
PCoA_Dim6,Music-led Storytelling,0.1996017397222621
PCoA_Dim6,The Struggle for Survival,-0.1980089120905172
PCoA_Dim6,Putting Others Above Oneself,-0.1959308246778179
PCoA_Dim6,Uneasy Characters,0.19396959096488
PCoA_Dim6,The Pre-Modern Era,-0.1930953844886648
PCoA_Dim6,Set in Japan,-0.1924756391218993
PCoA_Dim6,Relationship Turmoil,0.1902883888676389
PCoA_Dim6,Moral Temptation,0.1893774286090792
PCoA_Dim6,Confronting One's Shadow,0.1870543306631139
PCoA_Dim6,Focus on Asian Culture,-0.1852933911011497
PCoA_Dim6,Psychologically Unstable Protagonist,0.1830643989396543
PCoA_Dim6,About a Family,0.1820213375127955
PCoA_Dim6,Parent-Child Narrative,0.1817224840781398
PCoA_Dim6,A Focus on Mood,0.1791326494531085
PCoA_Dim6,Will-They-Won't-They Relationship,0.1788086374723604
PCoA_Dim6,Flawed Protagonist,0.1772096979099846
PCoA_Dim6,A Late 20th and Early 21st Century Narrative,0.1740283354302055
PCoA_Dim6,Innocent protagonist,0.1731843698952738
PCoA_Dim6,Courtship,0.17083108265607
PCoA_Dim6,Tender and heartwarming score,0.1697090818352938
PCoA_Dim6,Female-centric narrative,0.1693836011214595
PCoA_Dim6,Act of treachery,0.1672970532595922
PCoA_Dim6,Metropolitan story,0.1672949357682544
PCoA_Dim6,Brave Protagonist,-0.1669068738998213
PCoA_Dim6,Neighborhood story,0.1657139622080792
PCoA_Dim6,Predominant Set Design,0.1647985819574361
PCoA_Dim6,All-ages,0.1646638550421665
PCoA_Dim6,Happy Ending,0.1640682118865869
PCoA_Dim6,Advanced Cinematography and Edit Work,0.1638092611785534
PCoA_Dim6,Set in NYC,0.1635469137132721
PCoA_Dim6,A Comic Fantasy,0.163452209660904
PCoA_Dim6,Budding romance,0.1628204986226157
PCoA_Dim6,A Tidy Ending,0.1609620004035152
PCoA_Dim6,Charming protagonist,0.159201346001126
PCoA_Dim6,A Dominant Leader,-0.1582209722159311
PCoA_Dim6,Good-Versus-Evil Conflict,-0.1561482053968503
PCoA_Dim6,Elegant Dialog and Screenplay,0.155642518386109
PCoA_Dim6,A Futuristic Thriller,-0.1544739455592742
PCoA_Dim6,Focus on Culture,-0.1517537433746157
PCoA_Dim6,Visually Beautiful / Immersive,0.1516578610778748
PCoA_Dim6,A Mother's Arc,0.1514303271045148
PCoA_Dim6,Plot-Centric,0.1507601674361617
PCoA_Dim6,Violent Crimes,0.150165605839299
PCoA_Dim6,Talking Animals,0.150083495780415
PCoA_Dim6,Intricate Stunts,-0.1475121699392266
PCoA_Dim6,Rich Visual Cinematography,0.1464966076952884
PCoA_Dim6,Moral Conflict,0.1452014563531289
PCoA_Dim6,Dystopian,-0.1447666708024211
PCoA_Dim6,Set in California,0.1446059199250104
PCoA_Dim6,Psychological challenges,0.1441815889577814
PCoA_Dim6,Moral Exploration,0.1429571031068583
PCoA_Dim6,Family Restoration,0.1421943448959195
PCoA_Dim6,Changing Life Direction,0.1419422908587484
PCoA_Dim6,A Family Drama,0.1416754636458546
PCoA_Dim6,Criminal Underbelly,0.1413955986274219
PCoA_Dim6,A Sci-Fi Adventure,-0.140052699844336
PCoA_Dim6,A Science Thriller,-0.1399156161875814
PCoA_Dim6,Set in the Future,-0.1373809162767647
PCoA_Dim6,A Life Story,-0.1365677165415697
PCoA_Dim6,Avarice,0.1364828927643245
PCoA_Dim6,Perilous Liaison,0.1360161111012329
PCoA_Dim6,Positive and Sentimental,0.1358908623109909
PCoA_Dim6,A Formidable Challenge,-0.1358416485963819
PCoA_Dim6,Intellectually Stimulating,0.1346410774312355
PCoA_Dim6,A Law Enforcement Tale,0.1342978219861521
PCoA_Dim6,The Great Chase,0.1336574371197106
PCoA_Dim6,Affluent Social Class,0.1333480278669376
PCoA_Dim6,Psychological Horror,0.1311793843391871
PCoA_Dim6,A Father's Arc,0.1306025640310863
PCoA_Dim6,Deliberate Visual Authorship,0.1303310594383766
PCoA_Dim6,Live Performance Arts,0.1281402007436164
PCoA_Dim6,A Lead Worth Cheering For,0.1280729296923609
PCoA_Dim6,Psychological Distress,0.1259533883214979
PCoA_Dim6,Set in Los Angeles,0.1243769296207069
PCoA_Dim6,Romantic Triangle,0.1229966922355899
PCoA_Dim6,Friends Against the Odds,0.1217404915899225
PCoA_Dim6,Eerie Score,0.1209948656228529
PCoA_Dim6,Heightened Tension,0.1208621821666211
PCoA_Dim6,Going after the MacGuffin,0.1200828111495517
PCoA_Dim6,Rural Story,-0.1199409601190971
PCoA_Dim6,Melee Combat,-0.1195027921131002
PCoA_Dim6,A Group Quest,-0.1177139781448653
PCoA_Dim6,Polished and cohesive script,0.1109531609574524
PCoA_Dim6,Family-devoted Protagonist,0.1092409289990733
PCoA_Dim6,Disadvantaged Social Class,-0.107399977899141
PCoA_Dim6,A Focus on the Issues,-0.1072890645235676
PCoA_Dim6,Profound Amazement,0.1032923764910285
PCoA_Dim6,Picture of Idealic Family Life,0.1025027422682763
PCoA_Dim6,Young Adventurers,0.1018416724268464
PCoA_Dim6,Childhood Narrative,0.1013440851139713
PCoA_Dim6,A Romantic Drama,0.100709193349545
PCoA_Dim6,Somber and Eerie Tone,0.100250865234626
PCoA_Dim6,Mid-20th Century Narrative ,-0.0986023134188694
PCoA_Dim6,Heavy Gunplay,-0.0983751887451549
PCoA_Dim6,The Entertainment Industry,0.0970326687633243
PCoA_Dim6,The Fine Arts,0.0969030703912453
PCoA_Dim6,The Hero's Journey,-0.0963237391866022
PCoA_Dim6,Explicit Violence and Goriness,-0.0961698289654437
PCoA_Dim6,Relatable Protagonist,0.0957235510298899
PCoA_Dim6,Narrative Driven by the Context,-0.0955878209538537
PCoA_Dim6,An Artist's Story,0.0947980160481271
PCoA_Dim6,Use of Animated CGI,0.0936207929590695
PCoA_Dim6,Forest Setting,-0.093411945185264
PCoA_Dim6,A Tale of Science,-0.0932268946095071
PCoA_Dim6,Brothers or Sisters,0.0920619989797984
PCoA_Dim6,Threatening Wildlife,-0.0905251871432108
PCoA_Dim6,Energetic Emotional Tone,0.0887512564020414
PCoA_Dim6,Extraterrestrial Life,-0.088716531197652
PCoA_Dim6,A Tech-Centric Narrative,-0.0875386318785029
PCoA_Dim6,Formative hardships,0.0871773013520586
PCoA_Dim6,Female Friends and Bonding,0.0857905564327426
PCoA_Dim6,Sophisticated Visual Effects Integration,-0.0856555611227326
PCoA_Dim6,Fast-paced,0.0848301057936643
PCoA_Dim6,Societal Decline,-0.0845754561480997
PCoA_Dim6,A Focus on Feminism,0.0832385333986391
PCoA_Dim6,Spirit-Stirring,0.0826764328288814
PCoA_Dim6,A Lead with Expertise,-0.0822490526432826
PCoA_Dim6,Use of non-linear flashbacks,0.0820368356060572
PCoA_Dim6,Profound & Reflective,0.0818707965425514
PCoA_Dim6,High-end effects,-0.0816812595824535
PCoA_Dim6,Religious themes,-0.0810973807275081
PCoA_Dim6,Grappling with Mortality,-0.080830994991325
PCoA_Dim6,Active Narrator Voiceover,0.0774678205719907
PCoA_Dim6,A Relentless Chase,0.0755349071912876
PCoA_Dim6,Moral Redemption,0.0750966440693815
PCoA_Dim6,The Villian's Story,0.0750791670250488
PCoA_Dim6,Unsettling,0.0747731756986936
PCoA_Dim6,Averting the Catastrophe,-0.0722766540694413
PCoA_Dim6,The Hero Dies in This One,-0.0720553518838154
PCoA_Dim6,"Dangerous, Risky Behaviors",-0.0716980315527559
PCoA_Dim6,Use of Heavy Technology,-0.0700184927480576
PCoA_Dim6,Emotionally Withdrawn Protagonist,0.0698270077116131
PCoA_Dim6,The Superhero Prevails,-0.0694870651517904
PCoA_Dim6,A quest for retribution,0.0675327705088565
PCoA_Dim6,A post-2015 narrative,0.0673477308893327
PCoA_Dim6,Losing One's Love,0.0607173486331437
PCoA_Dim6,Visceral Cinematography,0.059417932547117
PCoA_Dim6,Repeated Setbacks,0.058926577504722
PCoA_Dim6,Genius Protagonist,0.0568682803240721
PCoA_Dim6,The Aristocrats,-0.0557552731918243
PCoA_Dim6,Childhood Bonds,0.0554301398683238
PCoA_Dim6,Story With a Focus on Gender,0.0530808290918466
PCoA_Dim6,Island Setting,-0.0530383027043731
PCoA_Dim6,"Raw, Unfiltered Dialog",0.0525501376078089
PCoA_Dim6,Set in Europe,-0.05221207384442
PCoA_Dim6,Melancholy Atmosphere,-0.0496724799183996
PCoA_Dim6,A Black & White,-0.0471988730224069
PCoA_Dim6,an early life drama,0.0443341888467416
PCoA_Dim6,Classic Fall-Rise Plot Arc,0.0442850146392603
PCoA_Dim6,Male Friends and Bonding,-0.0434982488497155
PCoA_Dim6,Intended Fright Response,0.0420700226797834
PCoA_Dim6,Coming of Age,0.0401565877026087
PCoA_Dim6,A Sports Setting,-0.0367032636348806
PCoA_Dim6,Dismal and unsettling tone,0.0362635385818144
PCoA_Dim6,The Underdog Wins,-0.0362586022738078
PCoA_Dim6,A fantastical realm,0.0320340445066566
PCoA_Dim6,Transformative Make-up,-0.0318530607850129
PCoA_Dim6,High Medieval Fantasy,-0.03037863753007
PCoA_Dim6,Coming-of-Age Tale,0.0300741748726364
PCoA_Dim6,A Poignant Mood,-0.02956813314835
PCoA_Dim6,Set in the American South,0.029505977301416
PCoA_Dim6,Enchanted Creatures and Spells,0.0293466536015733
PCoA_Dim6,Ghosts,0.0291217606801777
PCoA_Dim6,Cloak-and-Dagger ,-0.0277654316404818
PCoA_Dim6,A Black Character-Driven Story,0.0277139224720681
PCoA_Dim6,A Tale of Mourning,-0.0259102027391861
PCoA_Dim6,The Post-War Era,-0.0255529047552257
PCoA_Dim6,Pursuit of Justice,-0.0253024217296539
PCoA_Dim6,Risky Gambit,0.0231213638880312
PCoA_Dim6,"Hardship, Loss, and Healing",0.0230999936237682
PCoA_Dim6,Alternative Reality,-0.02263223193566
PCoA_Dim6,Philosophical or Intellectual Exploration,-0.022201005469765
PCoA_Dim6,A Friendship Drama,-0.0221199706073068
PCoA_Dim6,To the Rescue,-0.0202081449191002
PCoA_Dim6,Rivalry,0.0198373047271001
PCoA_Dim6,A Sense of Repulsiveness,0.0184252188052364
PCoA_Dim6,Sad Ending,0.0180609799443455
PCoA_Dim6,Stories of Imprisonment,0.017654722648849
PCoA_Dim6,A village story,0.0169296290935187
PCoA_Dim6,Suspenseful atmosphere,0.0151967272435946
PCoA_Dim6,Set in India,-0.014278390426029
PCoA_Dim6,Natural splendor,-0.0129427301664771
PCoA_Dim6,Somber atmosphere,0.0120438256088483
PCoA_Dim6,Predominant Sound Effects,0.0119084494957161
PCoA_Dim6,Hostile Gloom,0.0115879447534808
PCoA_Dim6,Ominous and Chilling,-0.0092168775126948
PCoA_Dim6,Intricate Costuming,0.0080689970122633
PCoA_Dim6,Set in France,-0.006992297974417
PCoA_Dim6,A Stock Story,0.0037461368321194
PCoA_Dim6,Supernatural Phenomena,-0.0025633073645352
PCoA_Dim6,A Spy Thriller,-0.0021574967946611
PCoA_Dim6,Set in the UK,0.0012442585829436
PCoA_Dim6,Conquering Adversity,0.0011225607349455
PCoA_Dim7,An Asian-Driven Story,-0.4917545659631241
PCoA_Dim7,Set in Asia,-0.4570308404370159
PCoA_Dim7,Set is East Asia,-0.4315461625692521
PCoA_Dim7,Set in America,0.4280316237900552
PCoA_Dim7,Focus on Asian Culture,-0.4255132518052207
PCoA_Dim7,A Futuristic Thriller,0.3636312739463751
PCoA_Dim7,A Science Thriller,0.3529342019824679
PCoA_Dim7,A Tale of Science,0.3404580360366295
PCoA_Dim7,A Sci-Fi Adventure,0.3338441145817972
PCoA_Dim7,A Tech-Centric Narrative,0.314706644016369
PCoA_Dim7,Set in Japan,-0.2617266531012246
PCoA_Dim7,Philosophical or Intellectual Exploration,0.2543809473113782
PCoA_Dim7,Set in the Future,0.2525969747023071
PCoA_Dim7,Biopic,0.2525935930471116
PCoA_Dim7,Use of Heavy Technology,0.2477886685105468
PCoA_Dim7,Plot Twists!,-0.2417178861498711
PCoA_Dim7,A Crime Thriller,-0.2398912567917798
PCoA_Dim7,Reveral of Fortune,-0.2339141777593847
PCoA_Dim7,Biographical narrative of a historical personality,0.227987224495746
PCoA_Dim7,A quest for retribution,-0.218627957277903
PCoA_Dim7,Set in India,-0.2184260231096536
PCoA_Dim7,Violent Crimes,-0.2126142532906939
PCoA_Dim7,A Whodunnit,-0.2086070046015412
PCoA_Dim7,Dystopian,0.206969393780119
PCoA_Dim7,Deceptive Appearances,-0.2045763831733823
PCoA_Dim7,Extraterrestrial Life,0.2015663349181813
PCoA_Dim7,Set in California,0.2012857187332454
PCoA_Dim7,A Life Story,0.1951354472988967
PCoA_Dim7,Grappling with Mortality,0.1912383529121873
PCoA_Dim7,Criminal Underbelly,-0.1911412846823759
PCoA_Dim7,High Medieval Fantasy,-0.1837730543451501
PCoA_Dim7,Enchanted Creatures and Spells,-0.1835725333128102
PCoA_Dim7,A fantastical realm,-0.1827868463863462
PCoA_Dim7,Unexpected Conclusion,-0.1790491812762887
PCoA_Dim7,The Entertainment Industry,0.1789880118123435
PCoA_Dim7,Set in Los Angeles,0.1729497347106949
PCoA_Dim7,Confronting One's Shadow,0.1723879633372224
PCoA_Dim7,History-in-the-making,0.1706137407644605
PCoA_Dim7,A Poignant Mood,0.1699779274543666
PCoA_Dim7,Set in NYC,0.1680064078299739
PCoA_Dim7,Psychological Crime,-0.1677846182528701
PCoA_Dim7,Act of treachery,-0.1667984075171787
PCoA_Dim7,An Artist's Story,0.1661915490949243
PCoA_Dim7,Character-Driven,0.1643338163655163
PCoA_Dim7,Self Discovery,0.1640088619547609
PCoA_Dim7,A Detective Story,-0.1631257283153183
PCoA_Dim7,A Adventure Comedy,-0.1627693879956573
PCoA_Dim7,A Relentless Chase,-0.1586898533762882
PCoA_Dim7,A Feeling of Surprise,-0.1566580838361378
PCoA_Dim7,A Wholesome Comedy,-0.1531343922063961
PCoA_Dim7,Talking Animals,-0.1502503054797997
PCoA_Dim7,Plot-Centric,-0.1487344973895969
PCoA_Dim7,The Great Chase,-0.1482953196560286
PCoA_Dim7,A Police Thriller,-0.1470429847933023
PCoA_Dim7,Young Adventurers,-0.1462824419241098
PCoA_Dim7,A Comic Fantasy,-0.1437488280690019
PCoA_Dim7,A Focus on the Issues,0.1432972446473197
PCoA_Dim7,Profound & Reflective,0.142268779018692
PCoA_Dim7,Brothers or Sisters,-0.1420618220020184
PCoA_Dim7,Melee Combat,-0.141573676041369
PCoA_Dim7,Sophisticated Visual Effects Integration,0.1408959387032944
PCoA_Dim7,The Fine Arts,0.1408454290997498
PCoA_Dim7,Conquering Adversity,0.1397220784150946
PCoA_Dim7,All-ages,-0.138700090954318
PCoA_Dim7,Moral Exploration,0.1382818252185291
PCoA_Dim7,Psychological Distress,0.1376256694800887
PCoA_Dim7,Supernatural Phenomena,-0.1359925188661012
PCoA_Dim7,Going after the MacGuffin,-0.1347713616651599
PCoA_Dim7,Changing Life Direction,0.1347354038703229
PCoA_Dim7,High-end effects,0.1324036256524822
PCoA_Dim7,Flawed Protagonist,0.1303135162254896
PCoA_Dim7,A Black Character-Driven Story,0.1268866070190877
PCoA_Dim7,Intellectually Stimulating,0.1265120851407801
PCoA_Dim7,Rural Story,-0.1257050917986749
PCoA_Dim7,A Law Enforcement Tale,-0.1251142422190279
PCoA_Dim7,Focus on Culture,-0.1232826517180757
PCoA_Dim7,Budding romance,0.1202177967763381
PCoA_Dim7,Narrative Originality,-0.1192176135246651
PCoA_Dim7,Ghosts,-0.1188706339458955
PCoA_Dim7,Avarice,-0.1185752383174545
PCoA_Dim7,Live Performance Arts,0.1184403190888923
PCoA_Dim7,A Romantic Drama,0.1177574700462161
PCoA_Dim7,Nonsensical Comedy,-0.1174099381196823
PCoA_Dim7,Transformative Make-up,0.1164866441075117
PCoA_Dim7,A Mainstream Feature,0.1164781352561125
PCoA_Dim7,Genius Protagonist,0.1163944501389451
PCoA_Dim7,Natural splendor,-0.1163568313830883
PCoA_Dim7,Metropolitan story,0.114411117603906
PCoA_Dim7,Mid-20th Century Narrative ,0.1138928672376318
PCoA_Dim7,Uneasy Characters,0.1125864065171639
PCoA_Dim7,Relatable Protagonist,0.1110799357169142
PCoA_Dim7,Childhood Narrative,-0.1110348071535067
PCoA_Dim7,Historical References,0.1106513022400227
PCoA_Dim7,About a Family,-0.1104688360873349
PCoA_Dim7,A Lead with Expertise,0.1101971158934498
PCoA_Dim7,The Pre-Modern Era,-0.1084051822560765
PCoA_Dim7,Family-devoted Protagonist,-0.1083961130375113
PCoA_Dim7,Relationship Turmoil,0.106505322677461
PCoA_Dim7,Forest Setting,-0.1061659226413144
PCoA_Dim7,A Tale of Wartime,0.1060298769974718
PCoA_Dim7,The Aristocrats,-0.1052567551951449
PCoA_Dim7,Use of Animated CGI,-0.1052237115858143
PCoA_Dim7,A Friendship Drama,0.1005616321117962
PCoA_Dim7,Psychological challenges,0.1003088740331607
PCoA_Dim7,Parent-Child Narrative,-0.0990052892447472
PCoA_Dim7,The Struggle for Survival,0.0977715021518238
PCoA_Dim7,Will-They-Won't-They Relationship,0.0977589771568336
PCoA_Dim7,A Family Drama,-0.0966514284531315
PCoA_Dim7,Emotionally Withdrawn Protagonist,0.0952563520046612
PCoA_Dim7,Family Struggles,-0.0931553041672706
PCoA_Dim7,Putting Others Above Oneself,0.0925795446343373
PCoA_Dim7,Pursuit of Justice,-0.0907451565694944
PCoA_Dim7,Formative hardships,-0.0903567307124168
PCoA_Dim7,Courtship,0.0898726490782529
PCoA_Dim7,A Formidable Challenge,0.0896902629575104
PCoA_Dim7,an early life drama,-0.0891754555594743
PCoA_Dim7,Rivalry,-0.0875893069020906
PCoA_Dim7,A Heterosexual Relationship,0.0872443945501793
PCoA_Dim7,A Focus on Mood,0.087055160889255
PCoA_Dim7,Melancholy Atmosphere,0.0859365897058013
PCoA_Dim7,Dialog-Driven,0.0859168004714233
PCoA_Dim7,Political narrative,0.0852786462239341
PCoA_Dim7,Psychological Suspense,-0.0852767307295077
PCoA_Dim7,A Lead Worth Cheering For,0.0851569724579111
PCoA_Dim7,Set in the American South,0.0851002736757303
PCoA_Dim7,Unconventional directorial approach,-0.084905523669645
PCoA_Dim7,The Unraveling of Trust,-0.0833756578693707
PCoA_Dim7,A Romantic Dramedy,0.0809346835129105
PCoA_Dim7,Heightened Tension,-0.0802390899636368
PCoA_Dim7,Use of Shock Elements,-0.079522952313479
PCoA_Dim7,Moral Conflict,0.0765954446990549
PCoA_Dim7,Male Friends and Bonding,0.0760016916727073
PCoA_Dim7,A Black & White,0.0749900138803911
PCoA_Dim7,Spirit-Stirring,0.0732280032436425
PCoA_Dim7,Moral Redemption,0.0731614448821926
PCoA_Dim7,Psychologically Unstable Protagonist,0.0724317416416608
PCoA_Dim7,A Late 20th and Early 21st Century Narrative,0.0720036032924947
PCoA_Dim7,Dry Humor Dialogue,0.0699920675400226
PCoA_Dim7,Joyful Emotional Expression,-0.0695280771793507
PCoA_Dim7,Alternative Reality,0.0685758641197247
PCoA_Dim7,A Tale of Mourning,0.0683679761285948
PCoA_Dim7,The Hero Dies in This One,0.0673992657022013
PCoA_Dim7,Psychological Manipulation,-0.0670493370812125
PCoA_Dim7,A post-2015 narrative,-0.0669528081315552
PCoA_Dim7,Situational Humor,-0.0667872982879057
PCoA_Dim7,Elegant Dialog and Screenplay,0.0664291487043965
PCoA_Dim7,Visually Beautiful / Immersive,-0.0656508205606871
PCoA_Dim7,Positive Emotional Tone,-0.0653380456335884
PCoA_Dim7,Stories of Imprisonment,0.0648951606110317
PCoA_Dim7,Good-Versus-Evil Conflict,-0.0625048986625537
PCoA_Dim7,The Post-War Era,0.0624412775738866
PCoA_Dim7,Masterful acting,0.0622853572939941
PCoA_Dim7,Island Setting,-0.061418122836396
PCoA_Dim7,Predominant Set Design,0.0602904266768289
PCoA_Dim7,Narrative Driven by the Context,0.0580232560648556
PCoA_Dim7,Psychological Horror,-0.0564806729320842
PCoA_Dim7,Somber atmosphere,0.0552652767191257
PCoA_Dim7,Signature directorial style,-0.0543697527365897
PCoA_Dim7,Coming-of-Age Tale,-0.0534026269949342
PCoA_Dim7,Active Narrator Voiceover,0.0531944260074571
PCoA_Dim7,"Positive, Uplifting Emotional Tone",-0.0525732526795361
PCoA_Dim7,Picture of Idealic Family Life,-0.0524930128369402
PCoA_Dim7,A village story,-0.0524628584620071
PCoA_Dim7,A Buddy Comedy,-0.0514125878940967
PCoA_Dim7,Classic Fall-Rise Plot Arc,0.0492777952486497
PCoA_Dim7,Positive and Sentimental,0.0486190032547659
PCoA_Dim7,Romantic Triangle,0.0480121027698989
PCoA_Dim7,Predominant Sound Effects,0.0480065725676188
PCoA_Dim7,Energetic Emotional Tone,-0.0477410627787845
PCoA_Dim7,A Father's Arc,-0.0468716228503644
PCoA_Dim7,Moral Temptation,0.0459946797535752
PCoA_Dim7,Explicit Violence and Goriness,-0.0459591822286125
PCoA_Dim7,Disadvantaged Social Class,0.045649704897611
PCoA_Dim7,A Sports Setting,0.0452413943193077
PCoA_Dim7,Built Around Humor,-0.0427813875800769
PCoA_Dim7,Friends Against the Odds,0.0421806592959288
PCoA_Dim7,Ominous and Chilling,0.0413715425216302
PCoA_Dim7,Repeated Setbacks,0.0411788069784796
PCoA_Dim7,Music-led Storytelling,0.0410523644636889
PCoA_Dim7,The Hero's Journey,0.0403624738177247
PCoA_Dim7,The Villian's Story,-0.0396647411729585
PCoA_Dim7,Fast-paced,-0.0388378298180689
PCoA_Dim7,Childhood Bonds,-0.0387256570875883
PCoA_Dim7,Neighborhood story,0.0383117354442156
PCoA_Dim7,Set in France,0.0375096290211542
PCoA_Dim7,Heavy Impact of the Soundtrack,0.0355482608277053
PCoA_Dim7,Coming of Age,-0.0355160640552783
PCoA_Dim7,A Focus on Feminism,0.0335400928532769
PCoA_Dim7,Direction-Driven,0.031903909574296
PCoA_Dim7,Somber and Eerie Tone,-0.0318225747296234
PCoA_Dim7,Profound Amazement,-0.031707808606767
PCoA_Dim7,Rich Visual Cinematography,-0.0316811077136362
PCoA_Dim7,Brave Protagonist,0.0315449787992334
PCoA_Dim7,A Dominant Leader,0.0306403904370967
PCoA_Dim7,A Mother's Arc,-0.0306140774400783
PCoA_Dim7,Polished and cohesive script,0.0305293009255336
PCoA_Dim7,Real-world satire,0.0300583492724744
PCoA_Dim7,A Spy Thriller,-0.0295169170227312
PCoA_Dim7,Family Restoration,-0.0292670606158514
PCoA_Dim7,Intricate Costuming,-0.0279446374845172
PCoA_Dim7,Use of non-linear flashbacks,-0.0273802661808279
PCoA_Dim7,Losing One's Love,0.0271359163266908
PCoA_Dim7,Intricate Stunts,-0.0246291855193291
PCoA_Dim7,Threatening Wildlife,-0.0237524888113723
PCoA_Dim7,A Sense of Repulsiveness,0.0234756917540383
PCoA_Dim7,Deliberate Visual Authorship,0.0233441954003871
PCoA_Dim7,A Group Quest,0.0223708690679324
PCoA_Dim7,The Underdog Wins,0.0222322521875607
PCoA_Dim7,A Tidy Ending,0.0207077128801043
PCoA_Dim7,Eccentric Acting,-0.0200647462393612
PCoA_Dim7,Set in the UK,-0.0195390627025869
PCoA_Dim7,To the Rescue,-0.0190450795474706
PCoA_Dim7,Visceral Cinematography,-0.0189156105955944
PCoA_Dim7,Feel-Good Narrative,0.0185496275181078
PCoA_Dim7,"Dangerous, Risky Behaviors",0.0183061115169377
PCoA_Dim7,Dismal and unsettling tone,0.0179041860343629
PCoA_Dim7,Music-Rich,0.0176982832195272
PCoA_Dim7,Heavy Gunplay,0.0176824331367463
PCoA_Dim7,Female Friends and Bonding,0.0175621639665936
PCoA_Dim7,Innocent protagonist,-0.0171011606449833
PCoA_Dim7,Happy Ending,-0.0167688417046921
PCoA_Dim7,Charming protagonist,0.016462102400562
PCoA_Dim7,Societal Decline,0.0150329283376513
PCoA_Dim7,Story With a Focus on Gender,0.0149568329337236
PCoA_Dim7,"Hardship, Loss, and Healing",-0.0141114111987438
PCoA_Dim7,"Raw, Unfiltered Dialog",0.0136838675095948
PCoA_Dim7,Averting the Catastrophe,0.0132965953207418
PCoA_Dim7,Hostile Gloom,-0.0111408398067445
PCoA_Dim7,Eerie Score,-0.0110646584877116
PCoA_Dim7,Heartfelt and Hopeful,0.0107314801546965
PCoA_Dim7,Tender and heartwarming score,0.0103534393349549
PCoA_Dim7,Religious themes,0.0087192288647173
PCoA_Dim7,Comedic Protagonist,-0.0086594485547492
PCoA_Dim7,Intended Fright Response,0.008300742090549
PCoA_Dim7,Female-centric narrative,0.0070530416565199
PCoA_Dim7,Dark or Caustic Wit,0.0065389884847195
PCoA_Dim7,Risky Gambit,-0.0050363218394079
PCoA_Dim7,Suspenseful atmosphere,-0.0049157395374168
PCoA_Dim7,A Stock Story,-0.0049072890745944
PCoA_Dim7,Advanced Cinematography and Edit Work,-0.0041540734992584
PCoA_Dim7,Perilous Liaison,-0.004055935107414
PCoA_Dim7,Cloak-and-Dagger ,-0.00405457578461
PCoA_Dim7,The Superhero Prevails,-0.0028288741391129
PCoA_Dim7,Affluent Social Class,0.002553729932337
PCoA_Dim7,Set in Europe,-0.0013537318581485
PCoA_Dim7,Sad Ending,-0.0007918673955562
PCoA_Dim7,Unsettling,0.0001798505119546
PCoA_Dim8,A Romantic Drama,0.5052843499529197
PCoA_Dim8,Female-centric narrative,0.4774214707359986
PCoA_Dim8,A Heterosexual Relationship,0.4769524607769591
PCoA_Dim8,Courtship,0.4686120786605524
PCoA_Dim8,Will-They-Won't-They Relationship,0.4177752838846197
PCoA_Dim8,Budding romance,0.4173738264283134
PCoA_Dim8,Nonsensical Comedy,-0.3894123866007954
PCoA_Dim8,Male Friends and Bonding,-0.3369472874296259
PCoA_Dim8,Dark or Caustic Wit,-0.3199223990242505
PCoA_Dim8,A Romantic Dramedy,0.3177123859276831
PCoA_Dim8,"Raw, Unfiltered Dialog",-0.3170991945761408
PCoA_Dim8,Real-world satire,-0.2960844182402756
PCoA_Dim8,Romantic Triangle,0.2919784993360105
PCoA_Dim8,A Adventure Comedy,-0.2907855744041844
PCoA_Dim8,Unconventional directorial approach,-0.2762976234658509
PCoA_Dim8,Built Around Humor,-0.2729910789516531
PCoA_Dim8,A Buddy Comedy,-0.2724147446524103
PCoA_Dim8,Eccentric Acting,-0.2712661722799647
PCoA_Dim8,Situational Humor,-0.2710014885702511
PCoA_Dim8,Relationship Turmoil,0.2703097014475998
PCoA_Dim8,Perilous Liaison,0.24108851816594
PCoA_Dim8,Signature directorial style,-0.2241169195404173
PCoA_Dim8,Societal Decline,-0.2237836655032754
PCoA_Dim8,Act of treachery,0.2235478005615709
PCoA_Dim8,A Focus on the Issues,-0.2219928554314635
PCoA_Dim8,A Group Quest,-0.2114576761806054
PCoA_Dim8,Affluent Social Class,0.2074609987208373
PCoA_Dim8,The Unraveling of Trust,0.2073422074488132
PCoA_Dim8,A Focus on Feminism,0.2036207961668836
PCoA_Dim8,Focus on Culture,-0.1989372020976526
PCoA_Dim8,A Wholesome Comedy,-0.1937978368471378
PCoA_Dim8,Childhood Narrative,-0.1887743120135031
PCoA_Dim8,A Friendship Drama,-0.1881276984007109
PCoA_Dim8,Young Adventurers,-0.183662626374165
PCoA_Dim8,Disadvantaged Social Class,-0.1779241233910263
PCoA_Dim8,Losing One's Love,0.1758191747170552
PCoA_Dim8,Dialog-Driven,-0.1739939058274759
PCoA_Dim8,A Comic Fantasy,-0.173334927460752
PCoA_Dim8,History-in-the-making,-0.1703805423541675
PCoA_Dim8,Deceptive Appearances,0.1693679200555441
PCoA_Dim8,Formative hardships,-0.1688543368789765
PCoA_Dim8,Plot Twists!,0.1677496404331342
PCoA_Dim8,Use of Shock Elements,0.1651368861916867
PCoA_Dim8,Comedic Protagonist,-0.1642586080961589
PCoA_Dim8,Reveral of Fortune,0.1628643049940029
PCoA_Dim8,Dry Humor Dialogue,-0.1626501575499528
PCoA_Dim8,Sophisticated Visual Effects Integration,0.1608359131796745
PCoA_Dim8,Use of Heavy Technology,0.1604891315044154
PCoA_Dim8,Friends Against the Odds,-0.1591077109962344
PCoA_Dim8,Talking Animals,-0.1584095170071605
PCoA_Dim8,an early life drama,-0.1563558730004323
PCoA_Dim8,A Science Thriller,0.1537261814087584
PCoA_Dim8,Direction-Driven,-0.1502974375901382
PCoA_Dim8,Story With a Focus on Gender,0.1456655200900106
PCoA_Dim8,A Tech-Centric Narrative,0.1446917815344247
PCoA_Dim8,Repeated Setbacks,-0.1439420510005823
PCoA_Dim8,A Futuristic Thriller,0.1436749992540539
PCoA_Dim8,The Aristocrats,0.1433288940899435
PCoA_Dim8,Narrative Originality,-0.143318420678524
PCoA_Dim8,Intellectually Stimulating,-0.1428850785375134
PCoA_Dim8,A Whodunnit,0.1427487882943763
PCoA_Dim8,Rich Visual Cinematography,0.1396504746323932
PCoA_Dim8,Genius Protagonist,0.1386903006591023
PCoA_Dim8,Tender and heartwarming score,0.1386734201977785
PCoA_Dim8,Historical References,-0.1377293969923038
PCoA_Dim8,Biopic,-0.1349292178885089
PCoA_Dim8,Relatable Protagonist,0.1349115158834661
PCoA_Dim8,Visually Beautiful / Immersive,0.1348263772607884
PCoA_Dim8,Use of non-linear flashbacks,0.1337444076581307
PCoA_Dim8,Hostile Gloom,-0.1324021458252977
PCoA_Dim8,A Tale of Science,0.1320463688754073
PCoA_Dim8,A Mainstream Feature,0.131707251765604
PCoA_Dim8,Dismal and unsettling tone,-0.1315393588098715
PCoA_Dim8,A Stock Story,0.1309834808369238
PCoA_Dim8,A Relentless Chase,0.1290047456415674
PCoA_Dim8,Masterful acting,-0.1201717840385712
PCoA_Dim8,The Underdog Wins,-0.1194308336524502
PCoA_Dim8,Childhood Bonds,-0.1193442655996278
PCoA_Dim8,Unsettling,-0.1189534753407618
PCoA_Dim8,High-end effects,0.1188041457081675
PCoA_Dim8,A Sense of Repulsiveness,-0.1149643101633148
PCoA_Dim8,A Spy Thriller,0.1141494230511335
PCoA_Dim8,Female Friends and Bonding,0.1140900175917524
PCoA_Dim8,Use of Animated CGI,-0.1131974824495469
PCoA_Dim8,Biographical narrative of a historical personality,-0.1117378195171242
PCoA_Dim8,A Mother's Arc,0.111477253097779
PCoA_Dim8,Cloak-and-Dagger ,0.1112066621519413
PCoA_Dim8,Joyful Emotional Expression,-0.1100697307655692
PCoA_Dim8,Narrative Driven by the Context,-0.1100516333380722
PCoA_Dim8,Psychological Manipulation,0.1085476650154029
PCoA_Dim8,A quest for retribution,0.1079130536267059
PCoA_Dim8,A Sports Setting,-0.1074420314383192
PCoA_Dim8,Fast-paced,-0.1069155230566548
PCoA_Dim8,Innocent protagonist,-0.1067776567965859
PCoA_Dim8,Positive Emotional Tone,-0.1062103926505026
PCoA_Dim8,All-ages,-0.105879457084849
PCoA_Dim8,Unexpected Conclusion,0.1048667743514111
PCoA_Dim8,High Medieval Fantasy,0.1030429545342378
PCoA_Dim8,A Tale of Wartime,-0.1022551122499187
PCoA_Dim8,Melancholy Atmosphere,-0.0997144558027948
PCoA_Dim8,A Feeling of Surprise,0.0992818365295252
PCoA_Dim8,Energetic Emotional Tone,-0.0988668048218214
PCoA_Dim8,Brave Protagonist,0.0954055889939272
PCoA_Dim8,A Sci-Fi Adventure,0.0952616367624118
PCoA_Dim8,Intricate Costuming,0.0944632609622051
PCoA_Dim8,A Poignant Mood,0.0901204934888024
PCoA_Dim8,A post-2015 narrative,0.0900925233960196
PCoA_Dim8,A Detective Story,0.0889830633374686
PCoA_Dim8,Coming of Age,-0.087990519271949
PCoA_Dim8,A Lead with Expertise,0.0875492863308025
PCoA_Dim8,Psychological Suspense,0.0871419087222294
PCoA_Dim8,Political narrative,-0.0864079790148969
PCoA_Dim8,Picture of Idealic Family Life,-0.0863020915920926
PCoA_Dim8,Explicit Violence and Goriness,-0.0862242962064509
PCoA_Dim8,Profound & Reflective,-0.0852733916441297
PCoA_Dim8,Visceral Cinematography,-0.0848868031172087
PCoA_Dim8,Averting the Catastrophe,0.0830080595317341
PCoA_Dim8,Self Discovery,0.0819212028895423
PCoA_Dim8,A Tidy Ending,0.0814630017436383
PCoA_Dim8,Heightened Tension,0.0807810130260625
PCoA_Dim8,An Asian-Driven Story,0.080219783126849
PCoA_Dim8,Advanced Cinematography and Edit Work,-0.0799713427549389
PCoA_Dim8,Set in the Future,0.0796227370318946
PCoA_Dim8,Supernatural Phenomena,0.0791348279182901
PCoA_Dim8,Set in America,-0.0776123253033283
PCoA_Dim8,Sad Ending,-0.0768360706309832
PCoA_Dim8,Criminal Underbelly,-0.0761856508619425
PCoA_Dim8,The Superhero Prevails,0.0741895443820797
PCoA_Dim8,Set in India,0.073927287170462
PCoA_Dim8,A Law Enforcement Tale,-0.0736039463217416
PCoA_Dim8,Suspenseful atmosphere,0.0729999190814918
PCoA_Dim8,A Black Character-Driven Story,-0.0710886540730105
PCoA_Dim8,A Life Story,-0.0710813261263155
PCoA_Dim8,Alternative Reality,0.0706327165271393
PCoA_Dim8,Plot-Centric,0.0704813029322282
PCoA_Dim8,Intricate Stunts,0.0701098991094353
PCoA_Dim8,Somber atmosphere,-0.070043044748267
PCoA_Dim8,Active Narrator Voiceover,-0.069960395927337
PCoA_Dim8,"Positive, Uplifting Emotional Tone",-0.0697260665939182
PCoA_Dim8,Positive and Sentimental,0.0695617567707516
PCoA_Dim8,Set in the American South,-0.0690835602058882
PCoA_Dim8,Ghosts,0.0674389823261233
PCoA_Dim8,A village story,-0.0670916906231128
PCoA_Dim8,Intended Fright Response,0.0650004019379592
PCoA_Dim8,About a Family,-0.0648897542822505
PCoA_Dim8,Conquering Adversity,-0.0648464877228969
PCoA_Dim8,Confronting One's Shadow,0.063146605547354
PCoA_Dim8,Heavy Impact of the Soundtrack,-0.0596870378246688
PCoA_Dim8,The Post-War Era,-0.0582014193364595
PCoA_Dim8,The Pre-Modern Era,0.0568267641651904
PCoA_Dim8,Profound Amazement,0.0558225715033468
PCoA_Dim8,Set in the UK,0.0546598053204602
PCoA_Dim8,Charming protagonist,0.0537783610422092
PCoA_Dim8,Transformative Make-up,0.0537712241960189
PCoA_Dim8,Eerie Score,0.0518899403103516
PCoA_Dim8,Extraterrestrial Life,0.0508870152247867
PCoA_Dim8,Coming-of-Age Tale,-0.0503666391015535
PCoA_Dim8,Spirit-Stirring,-0.0491857157690425
PCoA_Dim8,Rural Story,-0.0491362631517631
PCoA_Dim8,Avarice,-0.0478648358565488
PCoA_Dim8,Character-Driven,-0.04704522876409
PCoA_Dim8,Music-led Storytelling,-0.0469738178820301
PCoA_Dim8,Heartfelt and Hopeful,0.0464678452775514
PCoA_Dim8,Grappling with Mortality,-0.0455223269636548
PCoA_Dim8,Elegant Dialog and Screenplay,-0.0445919076013362
PCoA_Dim8,The Villian's Story,0.0436912724765338
PCoA_Dim8,Psychological Horror,0.0425529038060395
PCoA_Dim8,Risky Gambit,-0.0422833947313368
PCoA_Dim8,"Dangerous, Risky Behaviors",0.0415978526388069
PCoA_Dim8,Set in California,-0.0414549200655043
PCoA_Dim8,Religious themes,-0.0403390853495465
PCoA_Dim8,Set is East Asia,0.0400907812979897
PCoA_Dim8,Mid-20th Century Narrative ,-0.0400779334635425
PCoA_Dim8,Set in Europe,0.0391502019237018
PCoA_Dim8,A fantastical realm,0.0389272810521294
PCoA_Dim8,"Hardship, Loss, and Healing",0.0381952519368037
PCoA_Dim8,Family-devoted Protagonist,0.0377727543240822
PCoA_Dim8,A Focus on Mood,-0.0373116384684903
PCoA_Dim8,Family Struggles,0.0373116351037277
PCoA_Dim8,A Tale of Mourning,0.0372645940331893
PCoA_Dim8,Natural splendor,0.0369997887063735
PCoA_Dim8,To the Rescue,0.036631485603067
PCoA_Dim8,Heavy Gunplay,-0.0364345858347844
PCoA_Dim8,Dystopian,-0.0358147601059984
PCoA_Dim8,The Struggle for Survival,-0.0357816358669922
PCoA_Dim8,Deliberate Visual Authorship,-0.0353788231393183
PCoA_Dim8,Moral Conflict,-0.0352859016241861
PCoA_Dim8,Moral Redemption,-0.0344015031109166
PCoA_Dim8,Classic Fall-Rise Plot Arc,-0.0343379649477757
PCoA_Dim8,Somber and Eerie Tone,0.0338544653844657
PCoA_Dim8,Set in Los Angeles,-0.0335975356858873
PCoA_Dim8,The Hero's Journey,-0.0326674647981696
PCoA_Dim8,Psychological Crime,0.0315033601914531
PCoA_Dim8,An Artist's Story,0.0314012122402009
PCoA_Dim8,A Crime Thriller,0.0304719894547078
PCoA_Dim8,Emotionally Withdrawn Protagonist,0.0300129557039562
PCoA_Dim8,A Late 20th and Early 21st Century Narrative,-0.02973375910405
PCoA_Dim8,The Entertainment Industry,-0.0297062199723673
PCoA_Dim8,Violent Crimes,-0.0287509411780445
PCoA_Dim8,Moral Temptation,0.0282768754263172
PCoA_Dim8,Forest Setting,-0.0276239241663752
PCoA_Dim8,Set in Asia,0.0269859925071584
PCoA_Dim8,Philosophical or Intellectual Exploration,-0.0265230758334013
PCoA_Dim8,Going after the MacGuffin,-0.0256442333215889
PCoA_Dim8,Set in France,0.0253904141499089
PCoA_Dim8,The Great Chase,0.0252966517581839
PCoA_Dim8,A Father's Arc,-0.0251793238622546
PCoA_Dim8,A Formidable Challenge,-0.0243290360433217
PCoA_Dim8,A Dominant Leader,-0.0230228937755969
PCoA_Dim8,Set in Japan,0.0227931671386044
PCoA_Dim8,Melee Combat,0.0227598149350068
PCoA_Dim8,Moral Exploration,0.0226676164167014
PCoA_Dim8,Uneasy Characters,-0.0219536091905045
PCoA_Dim8,The Fine Arts,0.0217598031171279
PCoA_Dim8,A Lead Worth Cheering For,0.0215875681749633
PCoA_Dim8,The Hero Dies in This One,-0.0211931924919465
PCoA_Dim8,Rivalry,-0.020017247343979
PCoA_Dim8,A Family Drama,-0.0181707277165463
PCoA_Dim8,A Police Thriller,0.0181674789373309
PCoA_Dim8,Pursuit of Justice,0.017586162693357
PCoA_Dim8,Predominant Sound Effects,-0.0175592953421921
PCoA_Dim8,Polished and cohesive script,0.0165600293785958
PCoA_Dim8,Enchanted Creatures and Spells,0.0157046534395829
PCoA_Dim8,Neighborhood story,-0.0149212178722032
PCoA_Dim8,Changing Life Direction,0.0145043785703933
PCoA_Dim8,Ominous and Chilling,-0.0136426699908548
PCoA_Dim8,Threatening Wildlife,0.0132648706112813
PCoA_Dim8,Psychological challenges,-0.0128450490789311
PCoA_Dim8,Live Performance Arts,-0.0126501242939487
PCoA_Dim8,Parent-Child Narrative,0.0123980834060906
PCoA_Dim8,Set in NYC,0.010774486869038
PCoA_Dim8,Psychologically Unstable Protagonist,-0.0101144191544368
PCoA_Dim8,Psychological Distress,0.0097070255536736
PCoA_Dim8,Good-Versus-Evil Conflict,-0.0089248979693052
PCoA_Dim8,Feel-Good Narrative,-0.0079227639509562
PCoA_Dim8,Music-Rich,0.0074818193595018
PCoA_Dim8,Happy Ending,0.0070567254423952
PCoA_Dim8,Family Restoration,-0.0059871654807548
PCoA_Dim8,Focus on Asian Culture,0.0057489691709144
PCoA_Dim8,Island Setting,-0.0053247562945993
PCoA_Dim8,Predominant Set Design,0.0027370546731082
PCoA_Dim8,Flawed Protagonist,-0.0025571243586032
PCoA_Dim8,Brothers or Sisters,-0.0018204313364842
PCoA_Dim8,A Black & White,0.0014461300105648
PCoA_Dim8,Stories of Imprisonment,-0.0012470317879187
PCoA_Dim8,Putting Others Above Oneself,0.0011948055979672
PCoA_Dim8,Metropolitan story,0.0008132820002869
PCoA_Dim9,A Sci-Fi Adventure,0.4458892552908926
PCoA_Dim9,A Futuristic Thriller,0.4125225541525156
PCoA_Dim9,A Science Thriller,0.3851721471243509
PCoA_Dim9,A Tech-Centric Narrative,0.3457622640952227
PCoA_Dim9,A Tale of Science,0.3261336100100948
PCoA_Dim9,Set in the Future,0.3231953135352777
PCoA_Dim9,An Asian-Driven Story,0.2851306001429964
PCoA_Dim9,Set is East Asia,0.2846429390157212
PCoA_Dim9,Set in Europe,-0.2743104296042337
PCoA_Dim9,The Pre-Modern Era,-0.2720148021812305
PCoA_Dim9,Use of Heavy Technology,0.2687075701087106
PCoA_Dim9,Biographical narrative of a historical personality,-0.2601844599497291
PCoA_Dim9,Set in Asia,0.2563205443838907
PCoA_Dim9,Extraterrestrial Life,0.2538824534916728
PCoA_Dim9,History-in-the-making,-0.2511528740902518
PCoA_Dim9,Biopic,-0.2418069830989597
PCoA_Dim9,Focus on Asian Culture,0.2326582274623782
PCoA_Dim9,Good-Versus-Evil Conflict,-0.2317142617306943
PCoA_Dim9,Intellectually Stimulating,0.2299764031022065
PCoA_Dim9,A Relentless Chase,-0.2271385432520279
PCoA_Dim9,Polished and cohesive script,-0.2255398134288705
PCoA_Dim9,The Aristocrats,-0.2232895271290193
PCoA_Dim9,Alternative Reality,0.2231011538104124
PCoA_Dim9,Set in the UK,-0.219111737182739
PCoA_Dim9,Predominant Set Design,-0.2156905010343977
PCoA_Dim9,Violent Crimes,-0.2122170226779428
PCoA_Dim9,Self Discovery,0.2073163763534124
PCoA_Dim9,Intended Fright Response,-0.2050430611116079
PCoA_Dim9,A Tidy Ending,-0.2006367380145457
PCoA_Dim9,Plot-Centric,-0.1983253447110902
PCoA_Dim9,Ominous and Chilling,-0.1982329499515949
PCoA_Dim9,Philosophical or Intellectual Exploration,0.1978788008952321
PCoA_Dim9,Set in Japan,0.1974094031633881
PCoA_Dim9,Mid-20th Century Narrative ,-0.1926752710509758
PCoA_Dim9,Narrative Driven by the Context,-0.1904308764987525
PCoA_Dim9,A quest for retribution,-0.1901259475121995
PCoA_Dim9,Suspenseful atmosphere,-0.1899799206784631
PCoA_Dim9,Dystopian,0.1893306280067473
PCoA_Dim9,Brave Protagonist,-0.1802590111298035
PCoA_Dim9,Profound & Reflective,0.178395986156645
PCoA_Dim9,A Mainstream Feature,-0.1767510882803294
PCoA_Dim9,A Stock Story,-0.1755375239453154
PCoA_Dim9,Narrative Originality,0.1750706114348463
PCoA_Dim9,Societal Decline,0.1738173330314943
PCoA_Dim9,Unconventional directorial approach,0.1712859717566599
PCoA_Dim9,Historical References,-0.1704873838974905
PCoA_Dim9,Rural Story,-0.1686804616421118
PCoA_Dim9,Explicit Violence and Goriness,-0.1664527015963786
PCoA_Dim9,A Late 20th and Early 21st Century Narrative,0.1605647234978152
PCoA_Dim9,A Sense of Repulsiveness,-0.1598366622964121
PCoA_Dim9,Eerie Score,-0.1593808928662926
PCoA_Dim9,Somber and Eerie Tone,-0.1591769742950347
PCoA_Dim9,Dismal and unsettling tone,-0.1568059968263149
PCoA_Dim9,Hostile Gloom,-0.1553939260815418
PCoA_Dim9,Pursuit of Justice,-0.1515852006314915
PCoA_Dim9,Energetic Emotional Tone,-0.1482825742161417
PCoA_Dim9,Predominant Sound Effects,-0.1473651265455703
PCoA_Dim9,Heightened Tension,-0.147186736828685
PCoA_Dim9,A Dominant Leader,-0.1470439996715508
PCoA_Dim9,Real-world satire,0.1452313764575612
PCoA_Dim9,A Detective Story,-0.1449884162786849
PCoA_Dim9,Dark or Caustic Wit,0.1444278978368158
PCoA_Dim9,Changing Life Direction,0.1437697344384956
PCoA_Dim9,High Medieval Fantasy,-0.1435891108579479
PCoA_Dim9,Forest Setting,-0.1422500196845229
PCoA_Dim9,The Great Chase,-0.1377677910529137
PCoA_Dim9,Transformative Make-up,-0.1333409761344875
PCoA_Dim9,Supernatural Phenomena,-0.1332878408177402
PCoA_Dim9,Deliberate Visual Authorship,-0.1313145021115165
PCoA_Dim9,Music-led Storytelling,-0.1302098245887631
PCoA_Dim9,Focus on Culture,0.1296220157316783
PCoA_Dim9,Intricate Costuming,-0.1295681972711403
PCoA_Dim9,Somber atmosphere,-0.1294142208913644
PCoA_Dim9,Visually Beautiful / Immersive,-0.1275828847192081
PCoA_Dim9,Melee Combat,-0.1275579632083857
PCoA_Dim9,A Crime Thriller,-0.1256413317450837
PCoA_Dim9,Psychological Horror,-0.1248360211514428
PCoA_Dim9,Music-Rich,-0.1244485862156443
PCoA_Dim9,A Focus on the Issues,0.1241291122650893
PCoA_Dim9,The Struggle for Survival,-0.1237645532317092
PCoA_Dim9,A Focus on Mood,-0.1227215508341883
PCoA_Dim9,The Hero Dies in This One,-0.1218740184484606
PCoA_Dim9,A Black & White,-0.1213395710251333
PCoA_Dim9,Affluent Social Class,-0.1209536084647067
PCoA_Dim9,The Villian's Story,-0.1199842573086331
PCoA_Dim9,Natural splendor,-0.1199415818604197
PCoA_Dim9,Criminal Underbelly,-0.1199001267355999
PCoA_Dim9,Rich Visual Cinematography,-0.1187646361165505
PCoA_Dim9,A Police Thriller,-0.1183278387852676
PCoA_Dim9,Confronting One's Shadow,0.1123249772194541
PCoA_Dim9,Set in France,-0.1111161721024168
PCoA_Dim9,Coming-of-Age Tale,0.110577026690088
PCoA_Dim9,Act of treachery,-0.1103020308759041
PCoA_Dim9,Signature directorial style,0.1091615959353951
PCoA_Dim9,Live Performance Arts,-0.1088715507453533
PCoA_Dim9,Ghosts,-0.1087877094717257
PCoA_Dim9,A Formidable Challenge,-0.1085700248839168
PCoA_Dim9,Moral Exploration,0.1077824921938207
PCoA_Dim9,A Life Story,-0.1064877865110082
PCoA_Dim9,Sad Ending,-0.106061277480415
PCoA_Dim9,Joyful Emotional Expression,-0.1036106314163318
PCoA_Dim9,Relationship Turmoil,0.1026819664634072
PCoA_Dim9,Avarice,-0.1014433052999455
PCoA_Dim9,A Whodunnit,-0.1003143918543
PCoA_Dim9,an early life drama,0.0977638267227253
PCoA_Dim9,All-ages,-0.097746160421715
PCoA_Dim9,A Law Enforcement Tale,-0.0976663518367682
PCoA_Dim9,Male Friends and Bonding,-0.0975436890533738
PCoA_Dim9,Charming protagonist,-0.0969854793948653
PCoA_Dim9,Melancholy Atmosphere,-0.0947887995606397
PCoA_Dim9,Unsettling,-0.0920983584471509
PCoA_Dim9,Moral Redemption,0.0912811238853743
PCoA_Dim9,Neighborhood story,0.0900857112012182
PCoA_Dim9,Elegant Dialog and Screenplay,0.089283497961188
PCoA_Dim9,A Group Quest,-0.0850151051168392
PCoA_Dim9,The Underdog Wins,-0.0834863400876519
PCoA_Dim9,A Family Drama,0.0828391146014513
PCoA_Dim9,A post-2015 narrative,0.0823467468981434
PCoA_Dim9,Positive Emotional Tone,-0.0822684610436571
PCoA_Dim9,Coming of Age,0.0819846702267782
PCoA_Dim9,Nonsensical Comedy,0.0814835709647835
PCoA_Dim9,Family Restoration,0.080545478706191
PCoA_Dim9,Female-centric narrative,0.080274258406583
PCoA_Dim9,Tender and heartwarming score,-0.0798010287140583
PCoA_Dim9,"Positive, Uplifting Emotional Tone",-0.0792524450932564
PCoA_Dim9,A Tale of Wartime,-0.0785167617799317
PCoA_Dim9,Profound Amazement,-0.0781923804639855
PCoA_Dim9,A Lead with Expertise,-0.0767042172727558
PCoA_Dim9,Sophisticated Visual Effects Integration,0.0756402315537332
PCoA_Dim9,Moral Conflict,0.0749319186103928
PCoA_Dim9,Spirit-Stirring,-0.0749058648153229
PCoA_Dim9,Situational Humor,0.0748420736099695
PCoA_Dim9,Enchanted Creatures and Spells,-0.0746907556949272
PCoA_Dim9,Genius Protagonist,-0.0740512285970267
PCoA_Dim9,Heavy Gunplay,-0.0731844432602874
PCoA_Dim9,A Romantic Dramedy,0.072685548098385
PCoA_Dim9,Formative hardships,0.0715541669552946
PCoA_Dim9,"Hardship, Loss, and Healing",0.0714270952976494
PCoA_Dim9,Intricate Stunts,-0.0708410174189344
PCoA_Dim9,Story With a Focus on Gender,0.0704558268488709
PCoA_Dim9,Dry Humor Dialogue,0.0700765488081563
PCoA_Dim9,Grappling with Mortality,-0.0700425049155033
PCoA_Dim9,The Entertainment Industry,-0.0695956843389678
PCoA_Dim9,Fast-paced,-0.0686994269674797
PCoA_Dim9,Religious themes,-0.0674604642036754
PCoA_Dim9,The Post-War Era,-0.0662021442447138
PCoA_Dim9,The Fine Arts,-0.0660019678170307
PCoA_Dim9,Psychological Crime,-0.0654025438839302
PCoA_Dim9,The Hero's Journey,-0.0626617130622591
PCoA_Dim9,Female Friends and Bonding,0.0619722121614294
PCoA_Dim9,Picture of Idealic Family Life,-0.0616488247972978
PCoA_Dim9,Risky Gambit,-0.0611265227599261
PCoA_Dim9,Character-Driven,0.0610856116419319
PCoA_Dim9,Happy Ending,-0.0608918707372834
PCoA_Dim9,A Romantic Drama,0.0605935128377176
PCoA_Dim9,Psychological Manipulation,-0.0603641778879413
PCoA_Dim9,Talking Animals,-0.0602846330504805
PCoA_Dim9,Metropolitan story,0.0595459514153908
PCoA_Dim9,Rivalry,-0.0595213461656104
PCoA_Dim9,Deceptive Appearances,0.056927558864827
PCoA_Dim9,Reveral of Fortune,0.0569078037864374
PCoA_Dim9,Flawed Protagonist,0.0564285872514716
PCoA_Dim9,Set in the American South,-0.0564063458039677
PCoA_Dim9,Childhood Bonds,0.0547019878586488
PCoA_Dim9,Repeated Setbacks,-0.0540015853415565
PCoA_Dim9,A Lead Worth Cheering For,-0.0536789821858083
PCoA_Dim9,Childhood Narrative,0.0536717043812137
PCoA_Dim9,Political narrative,-0.0533822197676154
PCoA_Dim9,To the Rescue,-0.0532869113722493
PCoA_Dim9,Built Around Humor,0.0528341560124403
PCoA_Dim9,A village story,-0.0516688553233558
PCoA_Dim9,Unexpected Conclusion,0.0510451329882548
PCoA_Dim9,Will-They-Won't-They Relationship,0.0505271126090661
PCoA_Dim9,Threatening Wildlife,-0.0497177703696031
PCoA_Dim9,A Black Character-Driven Story,0.048950337677883
PCoA_Dim9,Family-devoted Protagonist,-0.0488909052371591
PCoA_Dim9,Innocent protagonist,0.0485995804404811
PCoA_Dim9,Family Struggles,0.0483937256795291
PCoA_Dim9,Heavy Impact of the Soundtrack,-0.0479507738036161
PCoA_Dim9,Brothers or Sisters,-0.0479000113048974
PCoA_Dim9,A Poignant Mood,0.0477960958110722
PCoA_Dim9,A Focus on Feminism,0.0468494644405923
PCoA_Dim9,Plot Twists!,0.046613221333103
PCoA_Dim9,Set in California,0.0463645201855614
PCoA_Dim9,Putting Others Above Oneself,-0.0451361452141151
PCoA_Dim9,A Friendship Drama,0.0444655678837459
PCoA_Dim9,A fantastical realm,-0.0439902159921437
PCoA_Dim9,Parent-Child Narrative,0.0436186117303942
PCoA_Dim9,Friends Against the Odds,0.0421620840821568
PCoA_Dim9,Use of Shock Elements,-0.0411269949194232
PCoA_Dim9,A Wholesome Comedy,-0.0409599790355779
PCoA_Dim9,A Spy Thriller,-0.0391757640991567
PCoA_Dim9,Disadvantaged Social Class,0.0387643599324078
PCoA_Dim9,"Dangerous, Risky Behaviors",-0.0385574465431477
PCoA_Dim9,A Feeling of Surprise,-0.0381074825595285
PCoA_Dim9,Island Setting,-0.0379120265059553
PCoA_Dim9,A Mother's Arc,0.035869288250921
PCoA_Dim9,Set in NYC,0.0354771101174817
PCoA_Dim9,Stories of Imprisonment,-0.0345468941682818
PCoA_Dim9,Relatable Protagonist,-0.0335454470934558
PCoA_Dim9,An Artist's Story,-0.0332379763497275
PCoA_Dim9,Losing One's Love,-0.0330379045248583
PCoA_Dim9,Psychological Distress,0.032776357710724
PCoA_Dim9,About a Family,0.0318802325355132
PCoA_Dim9,Positive and Sentimental,-0.0310641568175469
PCoA_Dim9,Psychological Suspense,-0.0306341398255264
PCoA_Dim9,Going after the MacGuffin,-0.0298347187899267
PCoA_Dim9,Moral Temptation,0.0288248202743674
PCoA_Dim9,Perilous Liaison,-0.0275771443199882
PCoA_Dim9,Set in Los Angeles,0.0264269998585224
PCoA_Dim9,A Tale of Mourning,-0.025823777840177
PCoA_Dim9,"Raw, Unfiltered Dialog",-0.0242099295546809
PCoA_Dim9,Conquering Adversity,-0.022574760654808
PCoA_Dim9,Heartfelt and Hopeful,-0.0211229170006906
PCoA_Dim9,Averting the Catastrophe,-0.0210814711372484
PCoA_Dim9,Psychologically Unstable Protagonist,0.0204251633447079
PCoA_Dim9,Uneasy Characters,0.0202163346926993
PCoA_Dim9,Set in India,0.0197834249760276
PCoA_Dim9,Psychological challenges,0.0194750365562955
PCoA_Dim9,High-end effects,-0.0187362272387544
PCoA_Dim9,Feel-Good Narrative,-0.0178684400671662
PCoA_Dim9,Set in America,0.0172884170763389
PCoA_Dim9,A Comic Fantasy,-0.0159803466987861
PCoA_Dim9,Comedic Protagonist,0.015879414608954
PCoA_Dim9,Direction-Driven,-0.0158238039374986
PCoA_Dim9,Dialog-Driven,0.015022038865948
PCoA_Dim9,The Unraveling of Trust,-0.0139982517840564
PCoA_Dim9,A Father's Arc,0.0138169941357219
PCoA_Dim9,A Buddy Comedy,0.0120166190020541
PCoA_Dim9,Visceral Cinematography,0.0109282394915656
PCoA_Dim9,Romantic Triangle,-0.0103968574658765
PCoA_Dim9,A Heterosexual Relationship,0.0099548858603105
PCoA_Dim9,Cloak-and-Dagger ,-0.0095939024980325
PCoA_Dim9,Emotionally Withdrawn Protagonist,-0.0091694780245386
PCoA_Dim9,A Adventure Comedy,-0.0090047660636243
PCoA_Dim9,Classic Fall-Rise Plot Arc,-0.008338781301543
PCoA_Dim9,Eccentric Acting,0.0080313386343003
PCoA_Dim9,Active Narrator Voiceover,-0.0073482657156081
PCoA_Dim9,A Sports Setting,-0.0067902212729541
PCoA_Dim9,Masterful acting,0.0067750060078068
PCoA_Dim9,Budding romance,0.0044184415729346
PCoA_Dim9,Use of non-linear flashbacks,0.0043878934907755
PCoA_Dim9,Advanced Cinematography and Edit Work,0.0013516568789556
PCoA_Dim9,Use of Animated CGI,0.0011975125216541
PCoA_Dim9,Young Adventurers,0.0008294629367933
PCoA_Dim9,The Superhero Prevails,-0.0003801335720758
PCoA_Dim9,Courtship,-0.0001274639648776
